type,id,code,description,link1,link2,link3,link4,link5,link6,link7,link8,link9,link10,link11,link12,link13,link14,link15,link16,link17,link18,link19,link20,link21,link22,link23,origen
KC,kc-ccl,CCL,Competencia en comunicación lingüística,,,,,,,,,,,,,,,,,,,,,,,,
KC,kc-cp,CP,Competencia Plurilingüe,,,,,,,,,,,,,,,,,,,,,,,,
KC,kc-stem,STEM,"Competencia Matemática y Competencia en Ciencia, Tecnología e Ingeniería",,,,,,,,,,,,,,,,,,,,,,,,
KC,kc-cd,CD,Competencia digital,,,,,,,,,,,,,,,,,,,,,,,,
KC,kc-cpsaa,CPSAA,"Competencia Personal, Social y de Aprender a Aprender",,,,,,,,,,,,,,,,,,,,,,,,
KC,kc-cc,CC,Competencia ciudadana,,,,,,,,,,,,,,,,,,,,,,,,
KC,kc-ce,CE,Competencia Emprendedora,,,,,,,,,,,,,,,,,,,,,,,,
KC,kc-ccec,CCEC,Competencia en Conciencia y Expresión Culturales,,,,,,,,,,,,,,,,,,,,,,,,
OD,od-ccl1,CCL1,"Se expresa de forma oral, escrita, signada o multimodal con coherencia, corrección y adecuación a los diferentes contextos sociales, y participa en interacciones comunicativas con actitud cooperativa y respetuosa tanto para intercambiar información, crear conocimiento y transmitir opiniones, como para construir vínculos personales.",kc-ccl,,,,,,,,,,,,,,,,,,,,,,,
OD,od-ccl2,CCL2,"Comprende, interpreta y valora con actitud crítica textos orales, escritos, signados o multimodales de los ámbitos personal, social, educativo y profesional para participar en diferentes contextos de manera activa e informada y para construir conocimiento.",kc-ccl,,,,,,,,,,,,,,,,,,,,,,,
OD,od-ccl3,CCL3,"Localiza, selecciona y contrasta de manera progresivamente autónoma información procedente de diferentes fuentes, evaluando su fiabilidad y pertinencia en función de los objetivos de lectura y evitando los riesgos de manipulación y desinformación, y la integra y transforma en conocimiento para comunicarla adoptando un punto de vista creativo, crítico y personal a la par que respetuoso con la propiedad intelectual.",kc-ccl,,,,,,,,,,,,,,,,,,,,,,,
OD,od-ccl5,CCL5,"Pone sus prácticas comunicativas al servicio de la convivencia democrática, la resolución dialogada de los conflictos y la igualdad de derechos de todas las personas, evitando los usos discriminatorios, así como los abusos de poder, para favorecer la utilización no solo eficaz sino también ética de los diferentes sistemas de comunicación.",kc-ccl,,,,,,,,,,,,,,,,,,,,,,,
OD,od-cp1,CP1,"Usa eficazmente una o más lenguas, además de la lengua o lenguas familiares, para responder a sus necesidades comunicativas, de manera apropiada y adecuada tanto a su desarrollo e intereses como a diferentes situaciones y contextos de los ámbitos personal, social, educativo y profesional.",kc-cp,,,,,,,,,,,,,,,,,,,,,,,
OD,od-cp3,CP3,"Conoce, valora y respeta la diversidad lingüística y cultural presente en la sociedad, integrándola en su desarrollo personal como factor de diálogo, para fomentar la cohesión social.",kc-cp,,,,,,,,,,,,,,,,,,,,,,,
OD,od-stem1,STEM1,"Utiliza métodos inductivos y deductivos propios del razonamiento matemático en situaciones conocidas, y selecciona y emplea diferentes estrategias para resolver problemas analizando críticamente las soluciones y reformulando el procedimiento, si fuera necesario.",kc-stem,,,,,,,,,,,,,,,,,,,,,,,
OD,od-stem2,STEM2,"Utiliza el pensamiento científico para entender y explicar los fenómenos que ocurren a su alrededor, confiando en el conocimiento como motor de desarrollo, planteándose preguntas y comprobando hipótesis mediante la experimentación y la indagación, utilizando herramientas e instrumentos adecuados, apreciando la importancia de la precisión y la veracidad y mostrando una actitud crítica acerca del alcance y las limitaciones de la ciencia.",kc-stem,,,,,,,,,,,,,,,,,,,,,,,
OD,od-stem3,STEM3,"Plantea y desarrolla proyectos diseñando, fabricando y evaluando diferentes prototipos o modelos para generar o utilizar productos que den solución a una necesidad o problema de forma creativa y en equipo, procurando la participación de todo el grupo, resolviendo pacíficamente los conflictos que puedan surgir, adaptándose ante la incertidumbre y valorando la importancia de la sostenibilidad.",kc-stem,,,,,,,,,,,,,,,,,,,,,,,
OD,od-stem4,STEM4,"Interpreta y transmite los elementos más relevantes de procesos, razonamientos, demostraciones, métodos y resultados científicos, matemáticos y tecnológicos de forma clara y precisa y en diferentes formatos (gráficos, tablas, diagramas, fórmulas, esquemas, símbolos...), aprovechando de forma crítica la cultura digital e incluyendo el lenguaje matemático-formal con ética y responsabilidad, para compartir y construir nuevos conocimientos.",kc-stem,,,,,,,,,,,,,,,,,,,,,,,
OD,od-stem5,STEM5,"Emprende acciones fundamentadas científicamente para promover la salud física, mental y social, y preservar el medio ambiente y los seres vivos; y aplica principios de ética y seguridad en la realización de proyectos para transformar su entorno próximo de forma sostenible, valorando su impacto global y practicando el consumo responsable.",kc-stem,,,,,,,,,,,,,,,,,,,,,,,
OD,od-cd1,CD1,"Realiza búsquedas en Internet atendiendo a criterios de validez, calidad, actualidad y fiabilidad, seleccionando los resultados de manera crítica y archivándolos, para recuperarlos, referenciarlos y reutilizarlos, respetando la propiedad intelectual.",kc-cd,,,,,,,,,,,,,,,,,,,,,,,
OD,od-cd2,CD2,"Gestiona y utiliza su entorno personal digital de aprendizaje para construir conocimiento y crear contenidos digitales, mediante estrategias de tratamiento de la información y el uso de diferentes herramientas digitales, seleccionando y configurando la más adecuada en función de la tarea y de sus necesidades de aprendizaje permanente.",kc-cd,,,,,,,,,,,,,,,,,,,,,,,
OD,od-cd3,CD3,"Se comunica, participa, colabora e interactúa compartiendo contenidos, datos e información mediante herramientas o plataformas virtuales, y gestiona de manera responsable sus acciones, presencia y visibilidad en la red, para ejercer una ciudadanía digital activa, cívica y reflexiva.",kc-cd,,,,,,,,,,,,,,,,,,,,,,,
OD,od-cd4,CD4,"Identifica riesgos y adopta medidas preventivas al usar las tecnologías digitales para proteger los dispositivos, los datos personales, la salud y el medioambiente, y para tomar conciencia de la importancia y necesidad de hacer un uso crítico, legal, seguro, saludable y sostenible de dichas tecnologías.",kc-cd,,,,,,,,,,,,,,,,,,,,,,,
OD,od-cd5,CD5,"Desarrolla aplicaciones informáticas sencillas y soluciones tecnológicas creativas y sostenibles para resolver problemas concretos o responder a retos propuestos, mostrando interés y curiosidad por la evolución de las tecnologías digitales y por su desarrollo sostenible y uso ético.",kc-cd,,,,,,,,,,,,,,,,,,,,,,,
OD,od-cpsaa1,CPSAA1,"Regula y expresa sus emociones, fortaleciendo el optimismo, la resiliencia, la autoeficacia y la búsqueda de propósito y motivación hacia el aprendizaje, para gestionar los retos y cambios y armonizarlos con sus propios objetivos.",kc-cpsaa,,,,,,,,,,,,,,,,,,,,,,,
OD,od-cpsaa2,CPSAA2,"Comprende los riesgos para la salud relacionados con factores sociales, consolida estilos de vida saludable a nivel físico y mental, reconoce conductas contrarias a la convivencia y aplica estrategias para abordarlas.",kc-cpsaa,,,,,,,,,,,,,,,,,,,,,,,
OD,od-cpsaa3,CPSAA3,"Comprende proactivamente las perspectivas y las experiencias de las demás personas y las incorpora a su aprendizaje, para participar en el trabajo en grupo, distribuyendo y aceptando tareas y responsabilidades de manera equitativa y empleando estrategias cooperativas.",kc-cpsaa,,,,,,,,,,,,,,,,,,,,,,,
OD,od-cpsaa4,CPSAA4,"Realiza autoevaluaciones sobre su proceso de aprendizaje, buscando fuentes fiables para validar, sustentar y contrastar la información y para obtener conclusiones relevantes.",kc-cpsaa,,,,,,,,,,,,,,,,,,,,,,,
OD,od-cpsaa5,CPSAA5,[Pendiente: no definido en el Anexo I del Decreto 59/2022],kc-cpsaa,,,,,,,,,,,,,,,,,,,,,,,
OD,od-cc1,CC1,"Analiza y comprende ideas relativas a la dimensión social y ciudadana de su propia identidad, así como a los hechos culturales, históricos y normativos que la determinan, demostrando respeto por las normas, empatía, equidad y espíritu constructivo en la interacción con los demás en cualquier contexto.",kc-cc,,,,,,,,,,,,,,,,,,,,,,,
OD,od-cc2,CC2,"Analiza y asume fundadamente los principios y valores que emanan del proceso de integración europea, la Constitución española y los derechos humanos y de la infancia, participando en actividades comunitarias, como la toma de decisiones o la resolución de conflictos, con actitud democrática, respeto por la diversidad, y compromiso con la igualdad de género, la cohesión social, el desarrollo sostenible y el logro de la ciudadanía mundial.",kc-cc,,,,,,,,,,,,,,,,,,,,,,,
OD,od-cc3,CC3,"Comprende y analiza problemas éticos fundamentales y de actualidad, considerando críticamente los valores propios y ajenos, y desarrollando juicios propios para afrontar la controversia moral con actitud dialogante, argumentativa, respetuosa y opuesta a cualquier tipo de discriminación o violencia.",kc-cc,,,,,,,,,,,,,,,,,,,,,,,
OD,od-cc4,CC4,"Comprende las relaciones sistémicas de interdependencia, ecodependencia e interconexión entre actuaciones locales y globales, y adopta, de forma consciente y motivada, un estilo de vida sostenible y ecosocialmente responsable.",kc-cc,,,,,,,,,,,,,,,,,,,,,,,
OD,od-ce1,CE1,"Analiza necesidades y oportunidades y afronta retos con sentido crítico, haciendo balance de su sostenibilidad, valorando el impacto que puedan suponer en el entorno, para presentar ideas y soluciones innovadoras, éticas y sostenibles, dirigidas a crear valor en el ámbito personal, social, educativo y profesional.",kc-ce,,,,,,,,,,,,,,,,,,,,,,,
OD,od-ce2,CE2,"Evalúa las fortalezas y debilidades propias, haciendo uso de estrategias de autoconocimiento y autoeficacia, y comprende los elementos fundamentales de la economía y las finanzas, aplicando conocimientos económicos y financieros a actividades y situaciones concretas, utilizando destrezas que favorezcan el trabajo colaborativo y en equipo, para reunir y optimizar los recursos necesarios que lleven a la acción una experiencia emprendedora que genere valor.",kc-ce,,,,,,,,,,,,,,,,,,,,,,,
OD,od-ce3,CE3,"Desarrolla el proceso de creación de ideas y soluciones valiosas y toma decisiones, de manera razonada, utilizando estrategias ágiles de planificación y gestión, y reflexiona sobre el proceso realizado y el resultado obtenido, para llevar a término el proceso de creación de prototipos innovadores y de valor, considerando la experiencia como una oportunidad para aprender.",kc-ce,,,,,,,,,,,,,,,,,,,,,,,
OD,od-ccec1,CCEC1,"Conoce, aprecia críticamente y respeta el patrimonio cultural y artístico, implicándose en su conservación y valorando el enriquecimiento inherente a la diversidad cultural y artística.",kc-ccec,,,,,,,,,,,,,,,,,,,,,,,
OD,od-ccec2,CCEC2,"Disfruta, reconoce y analiza con autonomía las especificidades e intencionalidades de las manifestaciones artísticas y culturales más destacadas del patrimonio, distinguiendo los medios y soportes, así como los lenguajes y elementos técnicos que las caracterizan.",kc-ccec,,,,,,,,,,,,,,,,,,,,,,,
OD,od-ccec3,CCEC3,"Expresa ideas, opiniones, sentimientos y emociones por medio de producciones culturales y artísticas, integrando su propio cuerpo y desarrollando la autoestima, la creatividad y el sentido del lugar que ocupa en la sociedad, con una actitud empática, abierta y colaborativa.",kc-ccec,,,,,,,,,,,,,,,,,,,,,,,
OD,od-ccec4,CCEC4,"Conoce, selecciona y utiliza con creatividad diversos medios y soportes, así como técnicas plásticas, visuales, audiovisuales, sonoras o corporales, para la creación de productos artísticos y culturales, tanto de forma individual como colaborativa, identificando oportunidades de desarrollo personal, social y laboral, así como de emprendimiento.",kc-ccec,,,,,,,,,,,,,,,,,,,,,,,
SC,sc-act4d-1,CEs 1,"Investigar fenómenos del entorno mediante la observación, la experimentación, el razonamiento científico y el uso integrado de las matemáticas, para comprender la realidad y dar respuesta a preguntas y problemas.",od-ccl1,od-stem1,od-stem2,od-cd1,od-cd2,od-cd5,od-ce3,od-stem3,od-cd3,od-cc4,od-ce2,od-ccec1,od-stem4,od-cpsaa3,od-cc1,,,,,,,,,mat4a CEs 3; mat4a CEs 6; bg4 CEs 3; fq4 CEs 2
SC,sc-act4d-2,CEs 2,"Resolver problemas científicos y matemáticos utilizando estrategias, procedimientos, modelos y herramientas adecuadas, valorando diferentes soluciones y justificando los resultados obtenidos.",od-stem1,od-stem2,od-stem3,od-stem4,od-cd2,od-cpsaa5,od-ce3,od-ccec4,od-cpsaa4,od-cc3,od-cd3,od-cd5,od-ccec1,od-ccl2,od-ce1,,,,,,,,,mat4a CEs 1; mat4a CEs 2; mat4a CEs 4; mat4a CEs 5; bg4 CEs 4
SC,sc-act4d-3,CEs 3,"Analizar, interpretar y comunicar información científica y matemática utilizando distintos lenguajes, representaciones, fuentes de información y herramientas digitales, con actitud crítica y responsable.",od-stem3,od-cd1,od-cd2,od-cd5,od-ce3,od-ccec4,od-ccl1,od-ccl3,od-cp1,od-stem2,od-stem4,od-cd3,od-ccec3,od-ccl2,od-ccl5,od-stem1,od-cd4,od-cpsaa4,od-stem5,od-cpsaa2,od-cc1,od-ccec2,od-cpsaa3,mat4a CEs 7; mat4a CEs 8; bg4 CEs 1; bg4 CEs 2; fq4 CEs 3; fq4 CEs 4
SC,sc-act4d-4,CEs 4,"Comprender el funcionamiento de los seres vivos, de la Tierra y de los sistemas físicos y químicos, explicando sus interacciones y los cambios que se producen en ellos mediante modelos, leyes y teorías científicas.",od-ccl1,od-ccl2,od-ccl5,od-stem2,od-stem3,od-stem4,od-cd2,od-cd3,od-ce3,od-ccec4,od-stem1,od-stem5,od-cd1,od-cd4,od-cpsaa2,od-cc4,od-ce1,od-ccec1,od-cpsaa4,,,,,bg4 CEs 1; bg4 CEs 6; fq4 CEs 1
SC,sc-act4d-5,CEs 5,"Adoptar hábitos saludables, seguros y sostenibles, tomando decisiones responsables fundamentadas en el conocimiento científico y en el respeto por el medio ambiente y por la salud propia y colectiva.",od-ccl2,od-stem2,od-stem5,od-cd4,od-cpsaa1,od-cpsaa2,od-cc4,od-cc3,od-ce1,od-ccec1,od-stem1,od-stem4,od-cd1,od-cd3,od-cc1,od-ccec2,od-ccec4,od-cpsaa4,,,,,,bg4 CEs 5; bg4 CEs 6; fq4 CEs 3; fq4 CEs 6
SC,sc-act4d-6,CEs 6,"Desarrollar proyectos científicos de forma cooperativa, gestionando las emociones propias y el trabajo en equipo con iniciativa, perseverancia y responsabilidad, y reconocer la ciencia como una construcción colectiva.",od-stem5,od-cpsaa1,od-cpsaa4,od-cpsaa5,od-ce2,od-ce3,od-ccl5,od-cp3,od-stem3,od-cpsaa3,od-cc2,od-cc3,od-ccl1,od-stem2,od-stem4,od-cd1,od-cd2,od-cc1,od-cd3,od-cd4,od-cc4,od-ccec1,,mat4a CEs 9; mat4a CEs 10; bg4 CEs 3; fq4 CEs 5; fq4 CEs 6
EC,ec-act4d-1.1,1.1,"Hacerse preguntas sobre lo que ocurre en el entorno y plantear hipótesis que se puedan comprobar, estudiando los patrones y las relaciones que aparecen.",,,,,,,,,,,,,,,,,,,,,,,,mat4a 3.1; mat4a 3.2; bg4 3.1; fq4 2.1
EC,ec-act4d-1.2,1.2,"Preparar un experimento y la toma de datos evitando que salgan sesgados, y anticipar qué resultado cabe esperar.",,,,,,,,,,,,,,,,,,,,,,,,bg4 3.2; fq4 2.2
EC,ec-act4d-1.3,1.3,"Hacer el experimento y tomar los datos con precisión, anotándolos de forma ordenada y usando bien los instrumentos y las herramientas digitales.",,,,,,,,,,,,,,,,,,,,,,,,bg4 3.3; mat4a 3.3
EC,ec-act4d-1.4,1.4,"Analizar qué dicen los resultados, apoyándose en lo estudiado y en los cálculos necesarios, y sacar conclusiones razonadas.",,,,,,,,,,,,,,,,,,,,,,,,bg4 3.4; fq4 2.3
EC,ec-act4d-1.5,1.5,"Proponer situaciones de la vida diaria y de otras asignaturas que se puedan estudiar con la ciencia y las matemáticas, y valorar para qué sirven.",,,,,,,,,,,,,,,,,,,,,,,,mat4a 6.1; mat4a 6.2; mat4a 6.3
EC,ec-act4d-2.1,2.1,"Replantear un problema con palabras y con un dibujo o una gráfica, entendiendo los datos y lo que se pregunta.",,,,,,,,,,,,,,,,,,,,,,,,mat4a 1.1
EC,ec-act4d-2.2,2.2,Elegir entre varias estrategias la más eficaz y encontrar todas las soluciones posibles.,,,,,,,,,,,,,,,,,,,,,,,,mat4a 1.2; mat4a 1.3
EC,ec-act4d-2.3,2.3,"Comprobar si los resultados están bien, elegir la mejor solución y revisar el procedimiento si aparecen datos nuevos, pensando en sus consecuencias (igualdad, medio ambiente, consumo).",,,,,,,,,,,,,,,,,,,,,,,,mat4a 2.1; mat4a 2.2; bg4 4.2
EC,ec-act4d-2.4,2.4,"Dividir un problema en partes más sencillas, investigar el patrón que se repite y resolverlo creando o modificando una secuencia de pasos, también con el ordenador.",,,,,,,,,,,,,,,,,,,,,,,,mat4a 4.1; mat4a 4.2; bg4 4.1
EC,ec-act4d-2.5,2.5,"Deducir y aplicar las conexiones entre lo que se aprende en matemáticas y en ciencias, usándolas en situaciones nuevas.",,,,,,,,,,,,,,,,,,,,,,,,mat4a 5.1; mat4a 5.2
EC,ec-act4d-3.1,3.1,"Usar fuentes fiables y seguras para seleccionar, organizar y comunicar la información necesaria para resolver un problema.",,,,,,,,,,,,,,,,,,,,,,,,fq4 3.1
EC,ec-act4d-3.2,3.2,"Buscar y analizar información de distintas fuentes, citarlas respetando la propiedad intelectual y comprobar si es verdad frente a bulos, pseudociencias y teorías conspiratorias.",,,,,,,,,,,,,,,,,,,,,,,,bg4 2.1; bg4 2.2; fq4 4.2
EC,ec-act4d-3.3,3.3,"Representar la información importante de un problema eligiendo entre distintas formas: dibujo, gráfica, tabla o expresión matemática.",,,,,,,,,,,,,,,,,,,,,,,,mat4a 7.1; mat4a 7.2
EC,ec-act4d-3.4,3.4,"Explicar de palabra y por escrito las ideas, conclusiones y opiniones propias con argumentos, usando bien el vocabulario científico, las unidades y los nombres de los compuestos.",,,,,,,,,,,,,,,,,,,,,,,,mat4a 8.1; mat4a 8.2; bg4 1.2; fq4 3.2
EC,ec-act4d-3.5,3.5,"Usar internet y las herramientas digitales de forma responsable para aprender y trabajar con los demás, y valorar el trabajo de las personas dedicadas a la ciencia, destacando el papel de la mujer.",,,,,,,,,,,,,,,,,,,,,,,,fq4 4.1; bg4 2.3
EC,ec-act4d-4.1,4.1,"Explicar con rigor por qué ocurren los fenómenos físicos y químicos del día a día, apoyándose en las leyes y teorías estudiadas.",,,,,,,,,,,,,,,,,,,,,,,,fq4 1.1
EC,ec-act4d-4.2,4.2,"Resolver problemas de física y química aplicando esas leyes, explicando el procedimiento y dando el resultado con precisión.",,,,,,,,,,,,,,,,,,,,,,,,fq4 1.2
EC,ec-act4d-4.3,4.3,"Explicar procesos de biología y geología diseñando modelos, dibujos y esquemas, y sacar conclusiones.",,,,,,,,,,,,,,,,,,,,,,,,bg4 1.1; bg4 1.3
EC,ec-act4d-4.4,4.4,"Reconstruir la historia geológica de una zona a partir de un corte o un mapa, aplicando los principios básicos de la geología y relacionándola con el relieve.",,,,,,,,,,,,,,,,,,,,,,,,bg4 6.1
EC,ec-act4d-4.5,4.5,Detectar problemas reales del entorno que la ciencia puede ayudar a resolver y poner en marcha alguna iniciativa en equipo.,,,,,,,,,,,,,,,,,,,,,,,,fq4 1.3
EC,ec-act4d-5.1,5.1,"Identificar los riesgos naturales que aumentan por la acción humana en una zona, teniendo en cuenta sus rocas, su relieve, sus ecosistemas y su situación económica y social.",,,,,,,,,,,,,,,,,,,,,,,,bg4 5.1
EC,ec-act4d-5.2,5.2,"Proponer y valorar las ventajas de un modo de vida sostenible y saludable, argumentando qué se puede hacer para mejorar el medio ambiente y la salud.",,,,,,,,,,,,,,,,,,,,,,,,bg4 5.2
EC,ec-act4d-5.3,5.3,"Pensar sobre los riesgos geológicos y sobre las actividades humanas que agravan las catástrofes naturales, y proponer mejores formas de actuar.",,,,,,,,,,,,,,,,,,,,,,,,bg4 6.2
EC,ec-act4d-5.4,5.4,"Detectar las necesidades tecnológicas, ambientales, económicas y sociales del entorno y entender cómo la ciencia puede darles respuesta con la implicación de todos.",,,,,,,,,,,,,,,,,,,,,,,,fq4 6.2
EC,ec-act4d-5.5,5.5,"Cumplir con rigor las normas del laboratorio y de los espacios de trabajo, cuidando la salud propia y la de los demás, el material y el medio ambiente.",,,,,,,,,,,,,,,,,,,,,,,,fq4 3.3
EC,ec-act4d-6.1,6.1,"Reconocer y manejar las propias emociones ante las tareas, con una actitud positiva y constante, aceptando el error y las correcciones como parte de aprender.",,,,,,,,,,,,,,,,,,,,,,,,mat4a 9.1; mat4a 9.2
EC,ec-act4d-6.2,6.2,"Trabajar en equipo con compañeros distintos, escuchando otras opiniones y comunicándose de forma eficaz y respetuosa.",,,,,,,,,,,,,,,,,,,,,,,,mat4a 10.1; fq4 5.1
EC,ec-act4d-6.3,6.3,"Cumplir la parte del trabajo que le toca, hacerse responsable de ella y facilitar que todo el mundo participe.",,,,,,,,,,,,,,,,,,,,,,,,mat4a 10.2; bg4 3.5
EC,ec-act4d-6.4,6.4,Sacar adelante por su cuenta un proyecto científico que resulte útil para uno mismo o para la comunidad.,,,,,,,,,,,,,,,,,,,,,,,,fq4 5.2
EC,ec-act4d-6.5,6.5,"Reconocer, mirando tanto la historia de la ciencia como lo que se investiga hoy, que sigue construyéndose gracias a hombres y mujeres y que influye en la sociedad.",,,,,,,,,,,,,,,,,,,,,,,,fq4 6.1
SB,sb-act4d-a1,A.1,"Plantear hipótesis, preguntas y conjeturas con una mirada científica.",,,,,,,,,,,,,,,,,,,,,,,,bg4 A.1
SB,sb-act4d-a2,A.2,"Observar y tomar datos de fenómenos naturales, y usar controles experimentales (positivos y negativos) para que los resultados sean fiables.",,,,,,,,,,,,,,,,,,,,,,,,bg4 A.4; bg4 A.5
SB,sb-act4d-a3,A.3,"Trabajo experimental y proyectos de investigación: cómo abordar un problema, qué hacer con los errores, buscar pruebas y razonar, y responder preguntas científicas en el laboratorio y en el campo.",,,,,,,,,,,,,,,,,,,,,,,,bg4 A.6; fq4 A.1
SB,sb-act4d-a4,A.4,"El laboratorio y los entornos virtuales: materiales, sustancias, herramientas y normas de uso que protegen la salud, la seguridad en la red y el medio ambiente.",,,,,,,,,,,,,,,,,,,,,,,,fq4 A.2; fq4 A.3
SB,sb-act4d-a5,A.5,"El lenguaje de la ciencia: manejo de los sistemas de unidades, sus símbolos y las herramientas matemáticas adecuadas a cada caso.",,,,,,,,,,,,,,,,,,,,,,,,fq4 A.4
SB,sb-act4d-a6,A.6,"Buscar información en fuentes fiables e interpretar, elaborar y comunicar información científica en distintos formatos y medios.",,,,,,,,,,,,,,,,,,,,,,,,bg4 A.2; bg4 A.3; fq4 A.5
SB,sb-act4d-a7,A.7,"Los modelos para representar y entender procesos naturales, y el análisis de resultados distinguiendo correlación de causalidad. El trabajo científico y quienes lo hacen, el papel de la mujer en la ciencia y cómo el conocimiento se ha ido construyendo entre muchos, con atención a Asturias.",,,,,,,,,,,,,,,,,,,,,,,,bg4 A.7; bg4 A.8; bg4 A.9; bg4 A.10; fq4 A.6
SB,sb-act4d-b1,B.1,"Resolver situaciones cotidianas contando de forma ordenada y estimando resultados, sabiendo qué error se comete.",,,,,,,,,,,,,,,,,,,,,,,,mat4a A.1; mat4a A.2
SB,sb-act4d-b2,B.2,"Los conjuntos numéricos y para qué sirve cada uno: expresar cantidades con números reales y la precisión necesaria, los irracionales en la vida diaria, y el orden en la recta y los intervalos.",,,,,,,,,,,,,,,,,,,,,,,,mat4a A.3; mat4a A.4; mat4a A.7; mat4a A.9
SB,sb-act4d-b3,B.3,"Operar con números reales y aprovechar las propiedades de las operaciones en situaciones reales, con herramientas digitales, y reconocer patrones numéricos.",,,,,,,,,,,,,,,,,,,,,,,,mat4a A.5; mat4a A.6; mat4a A.8
SB,sb-act4d-b4,B.4,"Proporcionalidad directa e inversa, y problemas de subidas y bajadas de porcentaje, intereses y tasas en situaciones de dinero.",,,,,,,,,,,,,,,,,,,,,,,,mat4a A.10; mat4a A.11
SB,sb-act4d-c1,C.1,"Patrones y regularidades: observarlos, generalizarlos y escribir el término general en casos sencillos.",,,,,,,,,,,,,,,,,,,,,,,,mat4a D.1
SB,sb-act4d-c2,C.2,"Traducir problemas cotidianos a lenguaje matemático y algebraico usando distintos tipos de funciones, y sacar conclusiones del modelo.",,,,,,,,,,,,,,,,,,,,,,,,mat4a D.2; mat4a D.3
SB,sb-act4d-c3,C.3,"Las variables y las expresiones simbólicas según el contexto: relaciones lineales, cuadráticas y de proporcionalidad inversa, y expresiones equivalentes para resolver ecuaciones, sistemas e inecuaciones.",,,,,,,,,,,,,,,,,,,,,,,,mat4a D.4; mat4a D.6; mat4a D.7
SB,sb-act4d-c4,C.4,"Formas de resolver y discutir ecuaciones de primer y segundo grado, sistemas e inecuaciones, también con la tecnología.",,,,,,,,,,,,,,,,,,,,,,,,mat4a D.8; mat4a D.9
SB,sb-act4d-c5,C.5,"Relaciones entre cantidades y funciones que las describen: tablas, gráficas y expresiones, cómo cambian, qué propiedades tienen, la pendiente y su relación con el ángulo, y el crecimiento y decrecimiento mediante tasas de variación.",,,,,,,,,,,,,,,,,,,,,,,,mat4a D.5; mat4a D.10; mat4a D.11; mat4a D.12; mat4a B.1; mat4a B.2
SB,sb-act4d-c6,C.6,"Resolver problemas partiéndolos en pasos y automatizándolos: interpretar, modificar y crear secuencias de instrucciones y plantear problemas que se analicen con programas.",,,,,,,,,,,,,,,,,,,,,,,,mat4a D.13; mat4a D.14; mat4a D.15
SB,sb-act4d-d1,D.1,Propiedades y transformaciones de objetos cotidianos: investigarlas y comprobar conjeturas con programas de geometría dinámica.,,,,,,,,,,,,,,,,,,,,,,,,mat4a C.1; mat4a C.2; mat4a C.5
SB,sb-act4d-d2,D.2,"Modelos geométricos para representar y explicar relaciones numéricas y algebraicas, y para modelizar objetos de la vida diaria con herramientas tecnológicas.",,,,,,,,,,,,,,,,,,,,,,,,mat4a C.3; mat4a C.4
SB,sb-act4d-e1,E.1,"Recoger y organizar datos de dos variables a la vez, tablas de contingencia y fases del diseño de un estudio estadístico.",,,,,,,,,,,,,,,,,,,,,,,,mat4a E.1; mat4a E.8
SB,sb-act4d-e2,E.2,"Leer e interpretar tablas y gráficos de una y dos variables, representarlos con la tecnología y sacar conclusiones razonadas.",,,,,,,,,,,,,,,,,,,,,,,,mat4a E.2; mat4a E.4
SB,sb-act4d-e3,E.3,"Medidas de centralización y dispersión, y relación entre dos variables: cuándo tiene sentido hacer una recta de regresión y cómo ajustarla con la tecnología.",,,,,,,,,,,,,,,,,,,,,,,,mat4a E.3; mat4a E.5
SB,sb-act4d-e4,E.4,"Experimentos compuestos y cálculo de probabilidades con la regla de Laplace y técnicas de recuento para tomar decisiones, y presentación de datos valorando si la muestra es representativa.",,,,,,,,,,,,,,,,,,,,,,,,mat4a E.6; mat4a E.7; mat4a E.9; mat4a E.10
SB,sb-act4d-f1,F.1,"Sistemas materiales: problemas y situaciones sobre disoluciones y gases, entre otros.",,,,,,,,,,,,,,,,,,,,,,,,fq4 B.1
SB,sb-act4d-f2,F.2,Modelos atómicos clásicos y cuánticos y partículas subatómicas: cómo se ordenan los electrones y qué relación tiene eso con el lugar del elemento en la tabla periódica y con sus propiedades.,,,,,,,,,,,,,,,,,,,,,,,,fq4 B.2; fq4 B.3
SB,sb-act4d-f3,F.3,"Los compuestos químicos: cómo se forman, qué propiedades tienen y para qué sirven, y cómo se mide la cantidad de materia calculando moles.",,,,,,,,,,,,,,,,,,,,,,,,fq4 B.4; fq4 B.5
SB,sb-act4d-f4,F.4,"Nomenclatura de la IUPAC: nombrar sustancias simples, iones y compuestos binarios y ternarios, e introducción a los compuestos orgánicos de una sola función.",,,,,,,,,,,,,,,,,,,,,,,,fq4 B.6; fq4 B.7
SB,sb-act4d-f5,F.5,"La energía: sus formas y el principio de conservación aplicados a la energía mecánica, el trabajo y el calor como formas de transferirla, la luz y el sonido como ondas que transportan energía, y cuánta energía gastamos y cómo usarla con responsabilidad.",,,,,,,,,,,,,,,,,,,,,,,,fq4 C.1; fq4 C.2; fq4 C.3
SB,sb-act4d-f6,F.6,"Las reacciones químicas: ajustar ecuaciones y hacer cálculos de estequiometría, reacciones de combustión, de neutralización y procesos electroquímicos sencillos, y qué hace que una reacción vaya más rápida o más lenta, en relación con la industria asturiana, el medio ambiente y la sociedad.",,,,,,,,,,,,,,,,,,,,,,,,fq4 E.1; fq4 E.2; fq4 E.3
SB,sb-act4d-g1,G.1,"Predecir y comprobar, con experimentos y cálculos, las magnitudes, ecuaciones y gráficas que describen el movimiento de un cuerpo en situaciones cotidianas.",,,,,,,,,,,,,,,,,,,,,,,,fq4 D.1
SB,sb-act4d-g2,G.2,"La fuerza como causa de los cambios: su carácter vectorial, cómo se suman gráfica y numéricamente, y las fuerzas más habituales del entorno (peso, normal, rozamiento, tensión y empuje).",,,,,,,,,,,,,,,,,,,,,,,,fq4 D.2; fq4 D.3; fq4 D.4
SB,sb-act4d-g3,G.3,La ley de gravitación universal y el concepto de peso. Fuerzas y presión en líquidos y gases y los principios que las describen.,,,,,,,,,,,,,,,,,,,,,,,,fq4 D.5; fq4 D.6
SB,sb-act4d-h1,H.1,Los orgánulos de la célula: reconocerlos y relacionar su forma con lo que hacen.,,,,,,,,,,,,,,,,,,,,,,,,bg4 C.1
SB,sb-act4d-h2,H.2,El ciclo celular y sus fases: para qué sirven la mitosis y la meiosis y observación de las fases de la mitosis al microscopio.,,,,,,,,,,,,,,,,,,,,,,,,bg4 C.2; bg4 C.3; bg4 C.4
SB,sb-act4d-h3,H.3,"El ADN y el ARN: cómo son, para qué sirven y cómo se copian; extracción de ADN de una célula, etapas de la expresión de los genes y características del código genético.",,,,,,,,,,,,,,,,,,,,,,,,bg4 D.1; bg4 D.2; bg4 D.3
SB,sb-act4d-h4,H.4,"Fenotipo y genotipo y leyes de Mendel: resolver problemas sencillos de herencia con dominancia y recesividad, codominancia, dominancia incompleta, varios alelos y herencia ligada al sexo.",,,,,,,,,,,,,,,,,,,,,,,,bg4 D.5; bg4 D.6; bg4 D.7
SB,sb-act4d-h5,H.5,"Las mutaciones y su relación con la copia del ADN, el cáncer, la evolución y la biodiversidad, y las principales enfermedades genéticas. Técnicas de ingeniería genética y su repercusión social, y la evolución explicada por el neodarwinismo y por teorías anteriores (lamarckismo y darwinismo).",,,,,,,,,,,,,,,,,,,,,,,,bg4 D.4; bg4 D.8; bg4 D.9
SB,sb-act4d-i1,I.1,"El origen del universo y del sistema solar, y qué componentes tiene el sistema solar.",,,,,,,,,,,,,,,,,,,,,,,,bg4 E.1; bg4 E.2
SB,sb-act4d-i2,I.2,"Hipótesis sobre el origen de la vida en la Tierra y cómo se reconstruye ese origen y su evolución, y las principales investigaciones en astrobiología.",,,,,,,,,,,,,,,,,,,,,,,,bg4 E.3; bg4 E.4
SB,sb-act4d-j1,J.1,"Relieve y paisaje: en qué se diferencian, por qué son un recurso y qué factores los forman y los modelan. El relieve de Asturias.",,,,,,,,,,,,,,,,,,,,,,,,bg4 B.1
SB,sb-act4d-j2,J.2,"Cómo es y cómo funciona la geosfera y cómo se estudia: la tectónica de placas, la deriva continental y la expansión del fondo oceánico.",,,,,,,,,,,,,,,,,,,,,,,,bg4 B.2; bg4 B.3
SB,sb-act4d-j3,J.3,"Procesos geológicos internos y externos y su relación con los riesgos naturales: prevención, mapas de riesgos e interpretación de cortes geológicos con los principios de la historia de la Tierra.",,,,,,,,,,,,,,,,,,,,,,,,bg4 B.4; bg4 B.5
SB,sb-act4d-k1,K.1,"Las emociones que aparecen al aprender ciencias y matemáticas: reconocerlas, manejarlas y superar los bloqueos.",,,,,,,,,,,,,,,,,,,,,,,,mat4a F.1
SB,sb-act4d-k2,K.2,"Cómo mantener la curiosidad, la iniciativa y la constancia, cambiar de estrategia cuando algo no sale y convertir el error en aprendizaje.",,,,,,,,,,,,,,,,,,,,,,,,mat4a F.2; mat4a F.3
SB,sb-act4d-k3,K.3,"Asumir responsabilidades y participar de forma activa en el equipo: pedir ayuda, darla y gestionarla, y formas de tomar decisiones.",,,,,,,,,,,,,,,,,,,,,,,,mat4a F.4; mat4a F.5
SB,sb-act4d-k4,K.4,"Aceptar la diversidad del aula y de la sociedad, y reconocer lo que las matemáticas y la ciencia han aportado al conocimiento, también desde la perspectiva de género.",,,,,,,,,,,,,,,,,,,,,,,,mat4a F.6; mat4a F.7
BB,bb-act4d-a,A,Proyecto científico y destrezas básicas,,,,,,,,,,,,,,,,,,,,,,,,
BB,bb-act4d-b,B,Sentido numérico,,,,,,,,,,,,,,,,,,,,,,,,
BB,bb-act4d-c,C,Sentido algebraico,,,,,,,,,,,,,,,,,,,,,,,,
BB,bb-act4d-d,D,Sentido espacial,,,,,,,,,,,,,,,,,,,,,,,,
BB,bb-act4d-e,E,Sentido estocástico,,,,,,,,,,,,,,,,,,,,,,,,
BB,bb-act4d-f,F,La materia y la energía,,,,,,,,,,,,,,,,,,,,,,,,
BB,bb-act4d-g,G,La interacción,,,,,,,,,,,,,,,,,,,,,,,,
BB,bb-act4d-h,H,La célula y la genética,,,,,,,,,,,,,,,,,,,,,,,,
BB,bb-act4d-i,I,La Tierra en el universo,,,,,,,,,,,,,,,,,,,,,,,,
BB,bb-act4d-j,J,Geología,,,,,,,,,,,,,,,,,,,,,,,,
BB,bb-act4d-k,K,Sentido socioafectivo,,,,,,,,,,,,,,,,,,,,,,,,
