type,id,code,description,link1,link2,link3,link4,link5,link6,link7,link8,link9
KC,kc-cc,CC,Competencia ciudadana,,,,,,,,,
KC,kc-ccec,CCEC,Competencia en Conciencia y Expresión Culturales,,,,,,,,,
KC,kc-ccl,CCL,Competencia en Comunicación Lingüística,,,,,,,,,
KC,kc-cd,CD,Competencia digital,,,,,,,,,
KC,kc-ce,CE,Competencia Emprendedora,,,,,,,,,
KC,kc-cp,CP,Competencia Plurilingüe,,,,,,,,,
KC,kc-cpsaa,CPSAA,"Competencia Personal, Social y de Aprender a Aprender",,,,,,,,,
KC,kc-stem,STEM,"Competencia Matemática y Competencia en Ciencia, Tecnología e Ingeniería",,,,,,,,,
OD,od-ccl1,CCL1,"Se expresa de forma oral, escrita, signada o multimodal con fluidez, coherencia, corrección y adecuación a los diferentes contextos sociales y académicos, y participa en interacciones comunicativas con actitud cooperativa y respetuosa tanto para intercambiar información, crear conocimiento y argumentar sus opiniones como para establecer y cuidar sus relaciones interpersonales.",kc-ccl,,,,,,,,
OD,od-ccl5,CCL5,"Pone sus prácticas comunicativas al servicio de la convivencia democrática, la resolución dialogada de los conflictos y la igualdad de derechos de todas las personas, evitando y rechazando los usos discriminatorios, así como los abusos de poder, para favorecer la utilización no solo eficaz sino también ética de los diferentes sistemas de comunicación.",kc-ccl,,,,,,,,
OD,od-cp1,CP1,"Utiliza con fluidez, adecuación y aceptable corrección una o más lenguas, además de la lengua familiar o de las lenguas familiares, para responder a sus necesidades comunicativas con espontaneidad y autonomía en diferentes situaciones y contextos de los ámbitos personal, social, educativo y profesional.",kc-cp,,,,,,,,
OD,od-cp2,CP2,"A partir de sus experiencias, desarrolla estrategias que le permitan ampliar y enriquecer de forma sistemática su repertorio lingüístico individual con el fin de comunicarse de manera eficaz.",kc-cp,,,,,,,,
OD,od-cp3,CP3,"Conoce y valora críticamente la diversidad lingüística y cultural presente en la sociedad, integrándola en su desarrollo personal y anteponiendo la comprensión mutua como característica central de la comunicación, para fomentar la cohesión social.",kc-cp,,,,,,,,
OD,od-cc1,CC1,"Analiza hechos, normas e ideas relativas a la dimensión social, histórica, cívica y moral de su propia identidad, para contribuir a la consolidación de su madurez personal y social, adquirir una conciencia ciudadana y responsable, desarrollar la autonomía y el espíritu crítico, y establecer una interacción pacífica y respetuosa con otras personas y con el entorno.",kc-cc,,,,,,,,
OD,od-ccec1,CCEC1,"Reflexiona, promueve y valora críticamente el patrimonio cultural y artístico de cualquier época, contrastando sus singularidades y partiendo de su propia identidad, para defender la libertad de expresión, la igualdad y el enriquecimiento inherente a la diversidad.",kc-ccec,,,,,,,,
OD,od-ccl2,CCL2,"Comprende, interpreta y valora con actitud crítica textos orales, escritos, signados o multimodales de los distintos ámbitos, con especial énfasis en los textos académicos y de los medios de comunicación, para participar en diferentes contextos de manera activa e informada y para construir conocimiento.",kc-ccl,,,,,,,,
OD,od-stem4,STEM4,"Interpreta y transmite los elementos más relevantes de investigaciones de forma clara y precisa, en diferentes formatos (gráficos, tablas, diagramas, fórmulas, esquemas, símbolos.) y aprovechando la cultura digital con ética y responsabilidad y valorando de forma crítica la contribución de la ciencia y la tecnología en el cambio de las condiciones de vida para compartir y construir nuevos conocimientos.",kc-stem,,,,,,,,
OD,od-cpsaa5,CPSAA5,"Planifica a largo plazo evaluando los propósitos y los procesos de la construcción del conocimiento, relacionando los diferentes campos del mismo para desarrollar procesos autorregulados de aprendizaje que le permitan transmitir ese conocimiento, proponer ideas creativas y resolver problemas con autonomía.",kc-cpsaa,,,,,,,,
OD,od-cc3,CC3,"Adopta un juicio propio y argumentado ante problemas éticos y filosóficos fundamentales y de actualidad, afrontando con actitud dialogante la pluralidad de valores, creencias e ideas, rechazando todo tipo de discriminación y violencia, y promoviendo activamente la igualdad y corresponsabilidad efectiva entre mujeres y hombres.",kc-cc,,,,,,,,
OD,od-cd2,CD2,"Crea, integra y reelabora contenidos digitales de forma individual o colectiva, aplicando medidas de seguridad y respetando, en todo momento, los derechos de autoría digital para ampliar sus recursos y generar nuevo conocimiento.",kc-cd,,,,,,,,
OD,od-cpsaa4,CPSAA4,"Compara, analiza, evalúa y sintetiza datos, información e ideas de los medios de comunicación, para obtener conclusiones lógicas de forma autónoma, valorando la fiabilidad de las fuentes.",kc-cpsaa,,,,,,,,
OD,od-ce3,CE3,"Lleva a cabo el proceso de creación de ideas y soluciones innovadoras y toma decisiones, con sentido crítico y ético, aplicando conocimientos técnicos específicos y estrategias ágiles de planificación y gestión de proyectos, y reflexiona sobre el proceso realizado y el resultado obtenido, para elaborar un prototipo final de valor para el resto de las personas, considerando tanto la experiencia de éxito como de fracaso, una oportunidad para aprender.",kc-ce,,,,,,,,
OD,od-ccl3,CCL3,"Localiza, selecciona y contrasta de manera autónoma información procedente de diferentes fuentes evaluando su fiabilidad y pertinencia en función de los objetivos de lectura y evitando los riesgos de manipulación y desinformación, y la integra y transforma en conocimiento para comunicarla de manera clara y rigurosa adoptando un punto de vista creativo y crítico a la par que respetuoso con la propiedad intelectual.",kc-ccl,,,,,,,,
OD,od-cd1,CD1,"Realiza búsquedas avanzadas comprendiendo cómo funcionan los motores de búsqueda en internet aplicando criterios de validez, calidad, actualidad y fiabilidad, seleccionando los resultados de manera crítica y organizando el almacenamiento de la información de manera adecuada y segura para referenciarla y reutilizarla posteriormente.",kc-cd,,,,,,,,
OD,od-cd3,CD3,"Selecciona, configura y utiliza dispositivos digitales, herramientas, aplicaciones y servicios en línea y los incorpora en su entorno personal de aprendizaje digital para comunicarse, trabajar colaborativamente y compartir información, gestionando de manera responsable sus acciones, presencia y visibilidad en la red y ejerciendo una ciudadanía digital activa, cívica y reflexiva.",kc-cd,,,,,,,,
OD,od-cd4,CD4,"Evalúa riesgos y aplica medidas al usar las tecnologías digitales para proteger los dispositivos, los datos personales, la salud y el medioambiente y hace un uso crítico, legal, seguro, saludable y sostenible de dichas tecnologías.",kc-cd,,,,,,,,
OD,od-ccl4,CCL4,"Lee con autonomía obras relevantes de la literatura poniéndolas en relación con su contexto sociohistórico de producción, con la tradición literaria anterior y posterior y examinando la huella de su legado en la actualidad, para construir y compartir su propia interpretación argumentada de las obras, crear y recrear obras de intención literaria y conformar progresivamente un mapa cultural.",kc-ccl,,,,,,,,
OD,od-cpsaa1,CPSAA1,[Pendiente: no definido en el Anexo I del Decreto 60/2022],kc-cpsaa,,,,,,,,
OD,od-cpsaa2,CPSAA2,"Adopta de forma autónoma un estilo de vida sostenible y atiende al bienestar físico y mental propio y de otras personas, buscando y ofreciendo apoyo en la sociedad para construir un mundo más saludable.",kc-cpsaa,,,,,,,,
OD,od-ccec2,CCEC2,"Investiga las especificidades e intencionalidades de diversas manifestaciones artísticas y culturales del patrimonio, mediante una postura de recepción activa y deleite, diferenciando y analizando los distintos contextos, medios y soportes en que se materializan, así como los lenguajes y elementos técnicos y estéticos que las caracterizan.",kc-ccec,,,,,,,,
OD,od-ccec4.1,CCEC4.1,"Selecciona e integra con creatividad diversos medios y soportes, así como técnicas plásticas, visuales, audiovisuales, sonoras o corporales, para diseñar y producir proyectos artísticos y culturales sostenibles, analizando las oportunidades de desarrollo personal, social y laboral que ofrecen sirviéndose de la interpretación, la ejecución, la improvisación o la composición.",kc-ccec,,,,,,,,
OD,od-ccec3.1,CCEC3.1,"Expresa ideas, opiniones, sentimientos y emociones con creatividad y espíritu crítico, realizando con rigor sus propias producciones culturales y artísticas, para participar de forma activa en la promoción de los derechos humanos y los procesos de socialización y de construcción de la identidad personal que se derivan de la práctica artística.",kc-ccec,,,,,,,,
OD,od-stem1,STEM1,"Selecciona y utiliza métodos inductivos y deductivos propios del razonamiento matemático en situaciones propias de la modalidad elegida y emplea estrategias variadas para la resolución de problemas analizando críticamente las soluciones y reformulando el procedimiento, si fuera necesario.",kc-stem,,,,,,,,
OD,od-stem2,STEM2,"Utiliza el pensamiento científico para entender y explicar fenómenos relacionados con la modalidad elegida, confiando en el conocimiento como motor de desarrollo, planteándose hipótesis y contrastándolas o comprobándolas mediante la observación, la experimentación y la investigación, utilizando herramientas e instrumentos adecuados, apreciando la importancia de la precisión y la veracidad y mostrando una actitud crítica acerca del alcance y limitaciones de los métodos empleados.",kc-stem,,,,,,,,
OD,od-cpsaa3,CPSAA3,[Pendiente: no definido en el Anexo I del Decreto 60/2022],kc-cpsaa,,,,,,,,
OD,od-cc2,CC2,"Reconoce, analiza y aplica en diversos contextos, de forma crítica y consecuente, los principios, ideales y valores relativos al proceso de integración europea, la Constitución Española, los derechos humanos, y la historia y el patrimonio cultural propios, a la vez que participa en todo tipo de actividades grupales con una actitud fundamentada en los principios y procedimientos democráticos, el compromiso ético con la igualdad, la cohesión social, el desarrollo sostenible y el logro de la ciudadanía mundial.",kc-cc,,,,,,,,
SC,sc-lal2-1,CEs 1,"Explicar y apreciar la diversidad lingüística del mundo y de Asturias a partir del conocimiento de la realidad lingüística y cultural de nuestra comunidad autónoma y la riqueza de sus lenguas y variantes lingüísticas, así como de la reflexión sobre los fenómenos del contacto entre lenguas, para favorecer la reflexión interlingüística, refutar los estereotipos y prejuicios lingüísticos y valorar esta diversidad como fuente de patrimonio cultural.",od-ccl1,od-ccl5,od-cp1,od-cp2,od-cp3,od-cc1,od-ccec1,,
SC,sc-lal2-2,CEs 2,"Comprender e interpretar textos orales y multimodales en asturiano, con especial atención a los textos académicos y de los medios de comunicación, recogiendo el sentido general y la información más relevante, identificando el punto de vista y la intención del emisor y valorando su fiabilidad, su forma y su contenido, para construir conocimiento, formarse opinión y ensanchar las posibilidades de disfrute y ocio.",od-ccl2,od-cp2,od-stem4,od-cpsaa5,od-cc3,,,,
SC,sc-lal2-3,CEs 3,"Producir textos orales y multimodales en asturiano, con atención preferente a textos de carácter académico, con rigor, coherencia, fluidez y el registro adecuado, atendiendo a las convenciones propias de los diferentes géneros discursivos, y participar en interacciones orales con actitud cooperativa y respetuosa, tanto para construir conocimiento y establecer vínculos personales, como para intervenir de manera activa e informada en diferentes contextos sociales.",od-ccl1,od-ccl5,od-cp1,od-cp2,od-stem4,od-cd2,od-cpsaa4,od-cc3,od-ce3
SC,sc-lal2-4,CEs 4,"Comprender, interpretar y valorar, con sentido crítico y diferentes propósitos de lectura, textos escritos, con especial atención a textos académicos y de los medios de comunicación, reconociendo el sentido global y las ideas principales y secundarias, integrando la información explícita y realizando las inferencias necesarias, identificando la intención del emisor, reflexionando sobre el contenido y la forma y evaluando su calidad y fiabilidad con el fin de construir conocimiento y dar respuesta a necesidades e intereses comunicativos diversos.",od-ccl2,od-ccl3,od-cp2,od-cpsaa5,od-cc3,,,,
SC,sc-lal2-5,CEs 5,"Producir textos escritos y multimodales en asturiano, coherentes, cohesionados, adecuados y correctos, con especial atención a los géneros discursivos del ámbito académico, para construir conocimiento y dar respuesta de manera informada, eficaz y creativa a demandas comunicativas concretas.",od-ccl1,od-ccl3,od-ccl5,od-cp1,od-stem4,od-cd2,od-cpsaa5,od-cc3,od-ce3
SC,sc-lal2-6,CEs 6,"Seleccionar y contrastar información procedente de diferentes fuentes, evaluando su fiabilidad y pertinencia en función de los objetivos de lectura y evitando los riesgos de manipulación y desinformación, e integrarla y transformarla en conocimiento para comunicarla, adoptando un punto de vista crítico y personal a la par que respetuoso con la propiedad intelectual, especialmente en el marco de la realización de trabajos de investigación sobre temas del currículo o vinculados a las obras literarias leídas.",od-ccl3,od-stem4,od-cd1,od-cd2,od-cd3,od-cd4,od-cpsaa5,od-ce3,
SC,sc-lal2-7,CEs 7,"Seleccionar y leer de manera autónoma obras relevantes de la literatura contemporánea asturiana como fuente de placer y conocimiento, configurando un itinerario lector que se enriquezca progresivamente en cuanto a diversidad, complejidad y calidad de las obras, y compartir experiencias lectoras para construir la propia identidad lectora y disfrutar de la dimensión social de la lectura, incorporando la perspectiva de género.",od-ccl1,od-ccl2,od-ccl4,od-cp2,od-cpsaa1,od-cpsaa2,od-ccec1,od-ccec2,od-ccec4.1
SC,sc-lal2-8,CEs 8,"Leer, interpretar y valorar obras relevantes de la literatura asturiana, utilizando un metalenguaje específico y movilizando la experiencia biográfica y los conocimientos literarios y culturales para establecer vínculos entre textos diversos a fin de conformar un mapa cultural, ensanchar las posibilidades de disfrute de la literatura y crear textos de intención literaria.",od-ccl2,od-ccl4,od-cpsaa5,od-cc1,od-cc3,od-ccec1,od-ccec2,od-ccec3.1,od-ccec4.1
SC,sc-lal2-9,CEs 9,"Consolidar y profundizar en el conocimiento explícito y sistemático sobre la estructura de la lengua y sus usos, y reflexionar de manera autónoma sobre las elecciones lingüísticas y discursivas, con la terminología adecuada, para desarrollar la conciencia lingüística, aumentar el repertorio comunicativo y mejorar las destrezas tanto de producción oral y escrita como de recepción crítica.",od-ccl1,od-ccl2,od-cp1,od-cp2,od-cp3,od-stem1,od-stem2,od-cpsaa5,od-cc1
SC,sc-lal2-10,CEs 10,"Poner las prácticas comunicativas al servicio de la convivencia democrática, la resolución dialogada de los conflictos y la igualdad de derechos de todas las personas, utilizando un lenguaje no discriminatorio y desterrando los abusos de poder a través de la palabra para favorecer un uso no solo eficaz sino también ético y democrático del lenguaje.",od-ccl5,od-cp3,od-cd2,od-cpsaa3,od-cpsaa4,od-cc2,od-cc3,od-ccec3.1,od-ccec4.1
EC,ec-lal2-1.1,1.1,"Reconocer y valorar las lenguas de Asturias y sus variantes, a partir de la explicación de su desarrollo histórico y sociolingüístico y de su situación actual, distinguiendo sus rasgos específicos en manifestaciones orales, escritas y multimodales y aplicando de manera apropiada los conceptos de diglosia, bilingüismo y sustitución.",,,,,,,,,
EC,ec-lal2-1.2,1.2,"Cuestionar y refutar prejuicios y estereotipos lingüísticos adoptando una actitud de respeto y valoración de la riqueza cultural, lingüística y dialectal, a partir de la exploración y reflexión en torno a los fenómenos del contacto entre lenguas, con especial atención al cometido de la normativa académica como instrumento de normalización social del asturiano y al papel de las redes sociales y los medios de comunicación en los procesos de normalización lingüística.",,,,,,,,,
EC,ec-lal2-2.1,2.1,"Identificar el sentido global, la estructura, la información relevante en función de las necesidades comunicativas y la intención del emisor en textos orales y multimodales especializados propios de diferentes ámbitos analizando la interacción entre los diferentes códigos.",,,,,,,,,
EC,ec-lal2-2.2,2.2,"Valorar la forma y el contenido de textos orales y multimodales especializados evaluando su calidad, fiabilidad e idoneidad del canal utilizado, así como la eficacia de los procedimientos comunicativos empleados.",,,,,,,,,
EC,ec-lal2-3.1,3.1,"Realizar exposiciones y argumentaciones orales extensas en lengua asturiana y en las que se recojan diferentes puntos de vista, con diferente grado de planificación sobre temas de interés científico y cultural y de relevancia académica y social ajustándose a las convenciones propias de cada género discursivo y hacerlo con fluidez, rigor, coherencia, y el registro adecuado en diferentes soportes, utilizando de manera eficaz recursos verbales y no verbales y con especial atención a la pronunciación de los fonemas propios de la lengua asturiana.",,,,,,,,,
EC,ec-lal2-3.2,3.2,Participar de manera activa y adecuada en interacciones orales (formales e informales) y en el trabajo en equipo con actitudes de escucha activa y estrategias de cooperación conversacional y cortesía lingüística.,,,,,,,,,
EC,ec-lal2-4.1,4.1,"Identificar el sentido global, la estructura, la información relevante y la intención del emisor de textos escritos y multimodales especializados, en lengua asturiana, con especial atención a textos académicos y de los medios de comunicación, realizando las inferencias necesarias y con diferentes propósitos de lectura.",,,,,,,,,
EC,ec-lal2-4.2,4.2,"Valorar críticamente el contenido y la forma de textos especializados evaluando su calidad y fiabilidad, así como la eficacia de los procedimientos lingüísticos empleados.",,,,,,,,,
EC,ec-lal2-5.1,5.1,"Elaborar textos académicos coherentes, cohesionados y con el registro adecuado en lengua asturiana en torno a temas curriculares o de interés social y cultural, precedidos de un proceso de planificación que atienda a la situación comunicativa, destinatario, propósito y canal, y de redacción y revisión de borradores entre iguales o utilizando otros instrumentos de consulta.",,,,,,,,,
EC,ec-lal2-5.2,5.2,"Incorporar procedimientos para enriquecer los textos, atendiendo a aspectos discursivos, lingüísticos y de estilo, con precisión léxica y corrección ortográfica y gramatical, atendiendo especialmente a las posibles interferencias que se puedan dar entre lenguas.",,,,,,,,,
EC,ec-lal2-6.1,6.1,"Elaborar trabajos de investigación de manera autónoma, en diferentes soportes, sobre diversos temas de interés académico, personal o social que impliquen localizar, seleccionar y contrastar información procedente de diferentes fuentes, con especial atención a la gestión de su almacenamiento y recuperación, así como a la evaluación de su fiabilidad y pertinencia; organizarla e integrarla en esquemas propios; y reelaborarla y comunicarla de manera creativa respetando las convenciones de presentación establecidas y adoptando un punto de vista crítico y respetuoso con la propiedad intelectual.",,,,,,,,,
EC,ec-lal2-6.2,6.2,"Evaluar la veracidad de noticias e informaciones, con especial atención a las redes sociales y otros entornos digitales, siguiendo pautas de análisis, contraste y verificación, haciendo uso de las herramientas adecuadas y manteniendo una actitud crítica frente a los posibles sesgos, manipulaciones o falsedades en la información.",,,,,,,,,
EC,ec-lal2-7.1,7.1,"Elegir y leer de manera autónoma obras relevantes de la literatura asturiana que se relacionen con las propuestas de lectura guiada, incluyendo ensayo literario y obras actuales que establezcan conexiones con la tradición, y dejar constancia del progreso del propio itinerario lector y cultural mediante la explicación argumentada de los criterios de selección de las lecturas, las formas de acceso a la cultura literaria y de la experiencia de lectura, incorporando la perspectiva de género.",,,,,,,,,
EC,ec-lal2-7.2,7.2,Compartir la experiencia lectora utilizando un metalenguaje específico y elaborar una interpretación personal estableciendo vínculos argumentados con otras obras y otras experiencias artísticas y culturales.,,,,,,,,,
EC,ec-lal2-8.1,8.1,"Explicar y argumentar la interpretación de las obras leídas a partir del análisis de las relaciones internas de sus elementos constitutivos con el sentido de la obra y de las relaciones externas del texto con su contexto sociohistórico y con la tradición literaria, utilizando un metalenguaje específico e incorporando juicios de valor vinculados a la apreciación estética de las obras.",,,,,,,,,
EC,ec-lal2-8.2,8.2,"Desarrollar proyectos de investigación que se concreten en una exposición oral, un ensayo o una presentación multimodal, estableciendo vínculos argumentados entre las obras de la literatura asturiana de los siglos XX y XXI objeto de lectura guiada y otros textos y manifestaciones artísticas de ayer y de hoy, en función de temas, tópicos, estructuras, lenguaje, recursos expresivos y valores éticos y estéticos, y explicitando la implicación y la respuesta personal del lector en la lectura.",,,,,,,,,
EC,ec-lal2-9.1,9.1,"Revisar los propios textos y hacer propuestas de mejora argumentando los cambios a partir de la reflexión metalingüística y con un metalenguaje específico, e identificar y subsanar problemas de interferencias lingüísticas y de comprensión lectora utilizando los conocimientos explícitos sobre la lengua y su uso.",,,,,,,,,
EC,ec-lal2-9.2,9.2,"Explicar y argumentar la interrelación entre el propósito comunicativo y las elecciones lingüísticas del emisor, así como sus efectos en el receptor, utilizando el conocimiento explícito de la lengua y un metalenguaje específico y diferenciando entre la estructura semántica (significados verbales y argumentos) y sintáctica (sujeto, predicado y complementos) de la oración simple, compuesta y compleja en función del propósito comunicativo.",,,,,,,,,
EC,ec-lal2-9.3,9.3,"Elaborar y presentar los resultados de pequeños proyectos de investigación sobre aspectos relevantes del funcionamiento de la lengua, formulando hipótesis y estableciendo generalizaciones, utilizando los conceptos y la terminología lingüística adecuada y consultando de manera autónoma diccionarios, manuales, gramáticas y otros recursos.",,,,,,,,,
EC,ec-lal2-10.1,10.1,"Identificar y desterrar los usos discriminatorios de la lengua, los abusos de poder a través de la palabra y los usos manipuladores del lenguaje a partir de la reflexión y el análisis de los elementos lingüísticos, textuales y discursivos utilizados, así como de los elementos no verbales que rigen la comunicación entre las personas.",,,,,,,,,
EC,ec-lal2-10.2,10.2,Utilizar estrategias para la resolución dialogada de los conflictos y la búsqueda de consensos tanto en el ámbito personal como educativo y social.,,,,,,,,,
SB,sb-lal2-a1,A.1,Las lenguas de Asturias y sus variedades: desarrollo sociohistórico y situación actual.,,,,,,,,,
SB,sb-lal2-a2,A.2,Análisis comparativo de los principales dominios lingüísticos de la península ibérica y localización de las lenguas de Asturias en ellos.,,,,,,,,,
SB,sb-lal2-a3,A.3,Estrategias avanzadas de la reflexión interlingüística.,,,,,,,,,
SB,sb-lal2-a4,A.4,"Diferencias entre los rasgos propios de las variedades dialectales (fónicos, gramaticales y léxicos) y los relativos a los sociolectos y los registros, así como a los criptolectos gremiales (xíriga, bron, etc.).",,,,,,,,,
SB,sb-lal2-a5,A.5,"Los fenómenos del contacto entre lenguas: bilingüismo, préstamos, interferencias, hibridación, sustitución. Diglosia lingüística y diglosia dialectal. El papel actual de las redes sociales y los medios de comunicación. Detección de prejuicios y estereotipos lingüísticos asociados al contacto entre lenguas.",,,,,,,,,
SB,sb-lal2-a6,A.6,"Indagación y explicación de los conceptos de norma culta y estándar, atendiendo a su utilidad.",,,,,,,,,
SB,sb-lal2-a7,A.7,"Las instituciones públicas, los medios de comunicación y las redes sociales en los procesos de normalización lingüística.",,,,,,,,,
SB,sb-lal2-a8,A.8,Importancia de la lengua en la construcción de la identidad sociocultural de la ciudadanía de Asturias.,,,,,,,,,
SB,sb-lal2-a9,A.9,"Conocimiento, análisis y valoración de la presencia del asturiano en la producción artística actual: literatura, cine, música, etc.",,,,,,,,,
SB,sb-lal2-a10,A.10,La toponimia en sus formas oficiales y valoración de la importancia del proceso de su regulación.,,,,,,,,,
SB,sb-lal2-b1,B.1,Componentes del hecho comunicativo: grado de formalidad de la situación y carácter público o privado; distancia social entre los interlocutores; propósitos comunicativos e interpretación de intenciones; canal de comunicación y elementos no verbales de la comunicación,,,,,,,,,
SB,sb-lal2-b2,B.2,"Propiedades textuales: coherencia, cohesión y adecuación.",,,,,,,,,
SB,sb-lal2-b3,B.3,Géneros discursivos propios del ámbito educativo. Los textos académicos.,,,,,,,,,
SB,sb-lal2-b4,B.4,Géneros discursivos propios del ámbito social. Las redes sociales y medios de comunicación.,,,,,,,,,
SB,sb-lal2-b5,B.5,Interacción oral y escrita de carácter formal. Cooperación conversacional y cortesía lingüística.,,,,,,,,,
SB,sb-lal2-b6,B.6,"Comprensión oral: sentido global del texto y relación entre sus partes, selección y retención de la información relevante. La intención del emisor. Detección de los usos discriminatorios del lenguaje verbal y no verbal. Valoración de la forma y el contenido del texto.",,,,,,,,,
SB,sb-lal2-b7,B.7,"Producción oral formal. Planificación y búsqueda de información, textualización y revisión. Adecuación a la audiencia y al tiempo de exposición. Elementos no verbales. Rasgos discursivos y lingüísticos de la oralidad formal. La deliberación oral argumentada.",,,,,,,,,
SB,sb-lal2-b8,B.8,Comprensión lectora: sentido global del texto y relación entre sus partes. La intención del emisor. Detección de los usos discriminatorios del lenguaje verbal e icónico. Valoración de la forma y el contenido del texto.,,,,,,,,,
SB,sb-lal2-b9,B.9,"Producción escrita. Proceso de elaboración: planificación, redacción, revisión y edición en diferentes soportes. Corrección gramatical y ortográfica. Propiedad léxica.",,,,,,,,,
SB,sb-lal2-b10,B.10,"Alfabetización informacional. Búsqueda autónoma y selección de la información con criterios de fiabilidad, calidad y pertinencia; análisis, valoración, reorganización y síntesis de la información en esquemas propios y transformación en conocimiento; comunicación y difusión de la información reelaborada de manera creativa y respetuosa con la propiedad intelectual. La gestión de contenidos, el almacenamiento y la recuperación de la información relevante. Noticias falsas y verificación de hechos. Titulares y contenidos engañosos.",,,,,,,,,
SB,sb-lal2-b11,B.11,Formas lingüísticas de expresión de la subjetividad y de la objetividad y de sus formas de expresión en los textos.,,,,,,,,,
SB,sb-lal2-b12,B.12,Recursos lingüísticos para adecuar el registro a la situación de comunicación.,,,,,,,,,
SB,sb-lal2-b13,B.13,"Conectores, marcadores discursivos, y procedimientos anafóricos que contribuyen a la cohesión del texto.",,,,,,,,,
SB,sb-lal2-b14,B.14,Relaciones entre las formas verbales como procedimientos de cohesión del texto con especial atención a la valoración y al uso de los tiempos verbales.,,,,,,,,,
SB,sb-lal2-b15,B.15,"Corrección lingüística y revisión ortográfica, gramatical y tipográfica de los textos. Uso eficaz de diccionarios, vocabularios, traductores, manuales de consulta y de correctores ortográficos en soporte analógico o digital.",,,,,,,,,
SB,sb-lal2-b16,B.16,Los signos de puntuación como mecanismo organizador del texto escrito y su relación con el significado.,,,,,,,,,
SB,sb-lal2-c1,C.1,"Lectura de obras relevantes que se relacionen con las propuestas de lectura guiada, incluyendo el ensayo literario y formas actuales de producción y consumo cultural, que susciten reflexión sobre el propio itinerario lector, así como la inserción en el debate interpretativo de la cultura.",,,,,,,,,
SB,sb-lal2-c2,C.2,Selección de las obras con la ayuda de recomendaciones especializadas.,,,,,,,,,
SB,sb-lal2-c3,C.3,Participación activa en el circuito literario y lector en contexto presencial y digital. Utilización autónoma de todo tipo de bibliotecas. Acceso a otras experiencias culturales.,,,,,,,,,
SB,sb-lal2-c4,C.4,"Expresión argumentada de los gustos lectores personales. Diversificación del corpus leído, atendiendo a los circuitos comerciales del libro y distinguiendo entre literatura canónica y de consumo, clásicos y bestsellers.",,,,,,,,,
SB,sb-lal2-c5,C.5,"Comunicación de la experiencia lectora utilizando un metalenguaje específico y atendiendo a aspectos temáticos, género y subgénero, elementos de la estructura y el estilo, y valores éticos y estéticos de las obras.",,,,,,,,,
SB,sb-lal2-c6,C.6,"Movilización de la experiencia personal, lectora y cultural para establecer vínculos entre la obra leída y aspectos de la actualidad y otras manifestaciones literarias o artísticas.",,,,,,,,,
SB,sb-lal2-c7,C.7,"Recomendación de las lecturas en soportes variados, atendiendo a aspectos temáticos, formales e intertextuales.",,,,,,,,,
SB,sb-lal2-c8,C.8,"Lectura de textos relevantes de la literatura asturiana de los siglos XIX, XX y XXI inscritos en itinerarios temáticos o de género literario.",,,,,,,,,
SB,sb-lal2-c9,C.9,Lectura de obras relevantes de la literatura asturiana de los siglos XX y XXI.,,,,,,,,,
SB,sb-lal2-c10,C.10,Interpretación de las obras a través de discusiones o conversaciones literarias.,,,,,,,,,
SB,sb-lal2-c11,C.11,Análisis de los elementos constitutivos del género literario y su relación con el sentido de la obra.,,,,,,,,,
SB,sb-lal2-c12,C.12,"Utilización de la información sociohistórica, cultural y artística para interpretar las obras y comprender su lugar en la tradición literaria.",,,,,,,,,
SB,sb-lal2-c13,C.13,"Vínculos intertextuales entre obras y otras manifestaciones artísticas en función de temas, tópicos, estructuras y lenguajes. Elementos de continuidad y ruptura.",,,,,,,,,
SB,sb-lal2-c14,C.14,"Expresión argumentada de la interpretación de los textos, integrando los diferentes aspectos analizados y atendiendo a sus valores culturales, éticos y estéticos. Lectura con perspectiva de género.",,,,,,,,,
SB,sb-lal2-c15,C.15,"Lectura expresiva, dramatización y recitado atendiendo a los procesos de comprensión, apropiación y oralización implicados.",,,,,,,,,
SB,sb-lal2-c16,C.16,Creación de textos de intención literaria a partir de las obras leídas.,,,,,,,,,
SB,sb-lal2-d1,D.1,"Construcción de conclusiones propias sobre el sistema lingüístico. Observación, comparación y clasificación de unidades comunicativas. Manipulación de estructuras, formulación de hipótesis, contraejemplos, generalizaciones y contraste entre lenguas con el uso del metalenguaje específico.",,,,,,,,,
SB,sb-lal2-d2,D.2,"Diferencias relevantes e intersecciones entre lengua oral y lengua escrita atendiendo a aspectos sintácticos, léxicos y pragmáticos.",,,,,,,,,
SB,sb-lal2-d3,D.3,"La lengua como sistema interconectado teniendo en cuenta los diferentes niveles: fonológico, morfológico, sintáctico y semántico.",,,,,,,,,
SB,sb-lal2-d4,D.4,"Distinción entre la forma (categoría gramatical) y la función de las palabras (funciones sintácticas de la oración simple, compuesta y compleja).",,,,,,,,,
SB,sb-lal2-d5,D.5,"Relación entre la estructura semántica (significados verbales y argumentos) y sintáctica (sujeto, predicado y complementos) de la oración simple y compuesta en función del propósito comunicativo.",,,,,,,,,
SB,sb-lal2-d6,D.6,Procedimientos de adquisición y formación de palabras y reflexión sobre los cambios en su significado. Las relaciones semánticas entre palabras. Valores denotativos y connotativos en función de su adecuación al contexto y al propósito comunicativo.,,,,,,,,,
SB,sb-lal2-d7,D.7,"Uso autónomo de diccionarios, manuales de gramática y otras fuentes de consulta para obtener información gramatical de carácter general.",,,,,,,,,
