type,id,code,description,link1,link2,link3,link4,link5,link6,link7,link8,link9,link10,link11,link12
KC,kc-cc,CC,Competencia ciudadana,,,,,,,,,,,,
KC,kc-ccec,CCEC,Competencia en Conciencia y Expresión Culturales,,,,,,,,,,,,
KC,kc-ccl,CCL,Competencia en Comunicación Lingüística,,,,,,,,,,,,
KC,kc-cd,CD,Competencia digital,,,,,,,,,,,,
KC,kc-ce,CE,Competencia Emprendedora,,,,,,,,,,,,
KC,kc-cp,CP,Competencia Plurilingüe,,,,,,,,,,,,
KC,kc-cpsaa,CPSAA,"Competencia Personal, Social y de Aprender a Aprender",,,,,,,,,,,,
KC,kc-stem,STEM,"Competencia Matemática y Competencia en Ciencia, Tecnología e Ingeniería",,,,,,,,,,,,
OD,od-ccl1,CCL1,"Se expresa de forma oral, escrita, signada o multimodal con fluidez, coherencia, corrección y adecuación a los diferentes contextos sociales y académicos, y participa en interacciones comunicativas con actitud cooperativa y respetuosa tanto para intercambiar información, crear conocimiento y argumentar sus opiniones como para establecer y cuidar sus relaciones interpersonales.",kc-ccl,,,,,,,,,,,
OD,od-ccl5,CCL5,"Pone sus prácticas comunicativas al servicio de la convivencia democrática, la resolución dialogada de los conflictos y la igualdad de derechos de todas las personas, evitando y rechazando los usos discriminatorios, así como los abusos de poder, para favorecer la utilización no solo eficaz sino también ética de los diferentes sistemas de comunicación.",kc-ccl,,,,,,,,,,,
OD,od-cp2,CP2,"A partir de sus experiencias, desarrolla estrategias que le permitan ampliar y enriquecer de forma sistemática su repertorio lingüístico individual con el fin de comunicarse de manera eficaz.",kc-cp,,,,,,,,,,,
OD,od-cp3,CP3,"Conoce y valora críticamente la diversidad lingüística y cultural presente en la sociedad, integrándola en su desarrollo personal y anteponiendo la comprensión mutua como característica central de la comunicación, para fomentar la cohesión social.",kc-cp,,,,,,,,,,,
OD,od-cc1,CC1,"Analiza hechos, normas e ideas relativas a la dimensión social, histórica, cívica y moral de su propia identidad, para contribuir a la consolidación de su madurez personal y social, adquirir una conciencia ciudadana y responsable, desarrollar la autonomía y el espíritu crítico, y establecer una interacción pacífica y respetuosa con otras personas y con el entorno.",kc-cc,,,,,,,,,,,
OD,od-cc2,CC2,"Reconoce, analiza y aplica en diversos contextos, de forma crítica y consecuente, los principios, ideales y valores relativos al proceso de integración europea, la Constitución Española, los derechos humanos, y la historia y el patrimonio cultural propios, a la vez que participa en todo tipo de actividades grupales con una actitud fundamentada en los principios y procedimientos democráticos, el compromiso ético con la igualdad, la cohesión social, el desarrollo sostenible y el logro de la ciudadanía mundial.",kc-cc,,,,,,,,,,,
OD,od-cc3,CC3,"Adopta un juicio propio y argumentado ante problemas éticos y filosóficos fundamentales y de actualidad, afrontando con actitud dialogante la pluralidad de valores, creencias e ideas, rechazando todo tipo de discriminación y violencia, y promoviendo activamente la igualdad y corresponsabilidad efectiva entre mujeres y hombres.",kc-cc,,,,,,,,,,,
OD,od-ccec1,CCEC1,"Reflexiona, promueve y valora críticamente el patrimonio cultural y artístico de cualquier época, contrastando sus singularidades y partiendo de su propia identidad, para defender la libertad de expresión, la igualdad y el enriquecimiento inherente a la diversidad.",kc-ccec,,,,,,,,,,,
OD,od-ccec2,CCEC2,"Investiga las especificidades e intencionalidades de diversas manifestaciones artísticas y culturales del patrimonio, mediante una postura de recepción activa y deleite, diferenciando y analizando los distintos contextos, medios y soportes en que se materializan, así como los lenguajes y elementos técnicos y estéticos que las caracterizan.",kc-ccec,,,,,,,,,,,
OD,od-ccl2,CCL2,"Comprende, interpreta y valora con actitud crítica textos orales, escritos, signados o multimodales de los distintos ámbitos, con especial énfasis en los textos académicos y de los medios de comunicación, para participar en diferentes contextos de manera activa e informada y para construir conocimiento.",kc-ccl,,,,,,,,,,,
OD,od-stem4,STEM4,"Interpreta y transmite los elementos más relevantes de investigaciones de forma clara y precisa, en diferentes formatos (gráficos, tablas, diagramas, fórmulas, esquemas, símbolos.) y aprovechando la cultura digital con ética y responsabilidad y valorando de forma crítica la contribución de la ciencia y la tecnología en el cambio de las condiciones de vida para compartir y construir nuevos conocimientos.",kc-stem,,,,,,,,,,,
OD,od-cd2,CD2,"Crea, integra y reelabora contenidos digitales de forma individual o colectiva, aplicando medidas de seguridad y respetando, en todo momento, los derechos de autoría digital para ampliar sus recursos y generar nuevo conocimiento.",kc-cd,,,,,,,,,,,
OD,od-cd3,CD3,"Selecciona, configura y utiliza dispositivos digitales, herramientas, aplicaciones y servicios en línea y los incorpora en su entorno personal de aprendizaje digital para comunicarse, trabajar colaborativamente y compartir información, gestionando de manera responsable sus acciones, presencia y visibilidad en la red y ejerciendo una ciudadanía digital activa, cívica y reflexiva.",kc-cd,,,,,,,,,,,
OD,od-cpsaa5,CPSAA5,"Planifica a largo plazo evaluando los propósitos y los procesos de la construcción del conocimiento, relacionando los diferentes campos del mismo para desarrollar procesos autorregulados de aprendizaje que le permitan transmitir ese conocimiento, proponer ideas creativas y resolver problemas con autonomía.",kc-cpsaa,,,,,,,,,,,
OD,od-ccl3,CCL3,"Localiza, selecciona y contrasta de manera autónoma información procedente de diferentes fuentes evaluando su fiabilidad y pertinencia en función de los objetivos de lectura y evitando los riesgos de manipulación y desinformación, y la integra y transforma en conocimiento para comunicarla de manera clara y rigurosa adoptando un punto de vista creativo y crítico a la par que respetuoso con la propiedad intelectual.",kc-ccl,,,,,,,,,,,
OD,od-cpsaa7,CPSAA7,[Pendiente: no definido en el Anexo I del Decreto 60/2022],kc-cpsaa,,,,,,,,,,,
OD,od-ce3,CE3,"Lleva a cabo el proceso de creación de ideas y soluciones innovadoras y toma decisiones, con sentido crítico y ético, aplicando conocimientos técnicos específicos y estrategias ágiles de planificación y gestión de proyectos, y reflexiona sobre el proceso realizado y el resultado obtenido, para elaborar un prototipo final de valor para el resto de las personas, considerando tanto la experiencia de éxito como de fracaso, una oportunidad para aprender.",kc-ce,,,,,,,,,,,
OD,od-cd1,CD1,"Realiza búsquedas avanzadas comprendiendo cómo funcionan los motores de búsqueda en internet aplicando criterios de validez, calidad, actualidad y fiabilidad, seleccionando los resultados de manera crítica y organizando el almacenamiento de la información de manera adecuada y segura para referenciarla y reutilizarla posteriormente.",kc-cd,,,,,,,,,,,
OD,od-cd4,CD4,"Evalúa riesgos y aplica medidas al usar las tecnologías digitales para proteger los dispositivos, los datos personales, la salud y el medioambiente y hace un uso crítico, legal, seguro, saludable y sostenible de dichas tecnologías.",kc-cd,,,,,,,,,,,
OD,od-ccl4,CCL4,"Lee con autonomía obras relevantes de la literatura poniéndolas en relación con su contexto sociohistórico de producción, con la tradición literaria anterior y posterior y examinando la huella de su legado en la actualidad, para construir y compartir su propia interpretación argumentada de las obras, crear y recrear obras de intención literaria y conformar progresivamente un mapa cultural.",kc-ccl,,,,,,,,,,,
OD,od-cpsaa1,CPSAA1,[Pendiente: no definido en el Anexo I del Decreto 60/2022],kc-cpsaa,,,,,,,,,,,
OD,od-cpsaa2,CPSAA2,"Adopta de forma autónoma un estilo de vida sostenible y atiende al bienestar físico y mental propio y de otras personas, buscando y ofreciendo apoyo en la sociedad para construir un mundo más saludable.",kc-cpsaa,,,,,,,,,,,
OD,od-ccec3,CCEC3,[Pendiente: no definido en el Anexo I del Decreto 60/2022],kc-ccec,,,,,,,,,,,
OD,od-ccec4,CCEC4,[Pendiente: no definido en el Anexo I del Decreto 60/2022],kc-ccec,,,,,,,,,,,
OD,od-ccec6,CCEC6,[Pendiente: no definido en el Anexo I del Decreto 60/2022],kc-ccec,,,,,,,,,,,
OD,od-stem2,STEM2,"Utiliza el pensamiento científico para entender y explicar fenómenos relacionados con la modalidad elegida, confiando en el conocimiento como motor de desarrollo, planteándose hipótesis y contrastándolas o comprobándolas mediante la observación, la experimentación y la investigación, utilizando herramientas e instrumentos adecuados, apreciando la importancia de la precisión y la veracidad y mostrando una actitud crítica acerca del alcance y limitaciones de los métodos empleados.",kc-stem,,,,,,,,,,,
OD,od-cpsaa3,CPSAA3,[Pendiente: no definido en el Anexo I del Decreto 60/2022],kc-cpsaa,,,,,,,,,,,
OD,od-cpsaa4,CPSAA4,"Compara, analiza, evalúa y sintetiza datos, información e ideas de los medios de comunicación, para obtener conclusiones lógicas de forma autónoma, valorando la fiabilidad de las fuentes.",kc-cpsaa,,,,,,,,,,,
OD,od-cc4,CC4,"Analiza las relaciones de interdependencia y ecodependencia entre nuestras formas de vida y el entorno, realizando un análisis crítico de la huella ecológica de las acciones humanas, y demostrando un compromiso ético y ecosocialmente responsable con actividades y hábitos que conduzcan al logro de los Objetivos de Desarrollo Sostenible y la lucha contra el cambio climático.",kc-cc,,,,,,,,,,,
SC,sc-lcl2-1,CEs 1,"Explicar y apreciar la diversidad lingüística del mundo a partir del conocimiento de la realidad plurilingüe y pluricultural de España y la riqueza dialectal del español, así como de la reflexión sobre los fenómenos del contacto entre lenguas, para favorecer la reflexión interlingüística, para refutar los estereotipos y prejuicios lingüísticos y para valorar esta diversidad como fuente de patrimonio cultural.",od-ccl1,od-ccl5,od-cp2,od-cp3,od-cc1,od-cc2,od-cc3,od-ccec1,od-ccec2,,,
SC,sc-lcl2-2,CEs 2,"Comprender e interpretar textos orales y multimodales, con especial atención a los textos académicos y de los medios de comunicación, recogiendo el sentido general y la información más relevante, identificando el punto de vista y la intención del emisor y valorando su fiabilidad, su forma y su contenido, para construir conocimiento, formarse opinión y ensanchar las posibilidades de disfrute y ocio.",od-ccl2,od-cp2,od-stem4,od-cd2,od-cd3,od-cpsaa5,od-cc3,,,,,
SC,sc-lcl2-3,CEs 3,"Producir textos orales y multimodales, con atención preferente a textos de carácter académico, con rigor, fluidez, coherencia, cohesión y el registro adecuado, atendiendo a las convenciones propias de los diferentes géneros discursivos, y participar en interacciones orales con actitud cooperativa y respetuosa, tanto para construir conocimiento y establecer vínculos personales, como para intervenir de manera activa e informada en diferentes contextos sociales.",od-ccl1,od-ccl3,od-cp2,od-stem4,od-cd2,od-cd3,od-cpsaa5,od-cpsaa7,od-ce3,,,
SC,sc-lcl2-4,CEs 4,"Comprender, interpretar y valorar, con sentido crítico y diferentes propósitos de lectura, textos escritos, con especial atención a textos académicos y de los medios de comunicación, reconociendo el sentido global y las ideas principales y secundarias, integrando la información explícita y realizando las inferencias necesarias, identificando la intención del emisor, reflexionando sobre el contenido y la forma y evaluando su calidad y fiabilidad con el fin de construir conocimiento y dar respuesta a necesidades e intereses comunicativos diversos.",od-ccl2,od-ccl3,od-stem4,od-cpsaa5,,,,,,,,
SC,sc-lcl2-5,CEs 5,"Producir textos escritos y multimodales coherentes, cohesionados, adecuados y correctos, con especial atención a los géneros discursivos del ámbito académico, para construir conocimiento y dar respuesta de manera informada, eficaz y creativa a demandas comunicativas concretas.",od-ccl1,od-ccl3,od-stem4,od-cd1,od-cd2,od-cd3,od-cpsaa5,od-cpsaa7,od-ce3,,,
SC,sc-lcl2-6,CEs 6,"Seleccionar y contrastar información procedente de diferentes fuentes, evaluando su fiabilidad y pertinencia en función de los objetivos de lectura y evitando los riesgos de manipulación y desinformación, e integrarla y transformarla en conocimiento para comunicarla, adoptando un punto de vista crítico y personal a la par que respetuoso con la propiedad intelectual, especialmente en el marco de la realización de trabajos de investigación sobre temas del currículo o vinculados a las obras literarias leídas.",od-ccl3,od-cd1,od-cd2,od-cd3,od-cd4,od-cpsaa5,od-cpsaa7,od-ce3,,,,
SC,sc-lcl2-7,CEs 7,"Seleccionar y leer de manera autónoma obras relevantes de la literatura contemporánea como fuente de placer y conocimiento, configurando un itinerario lector que se enriquezca progresivamente en cuanto a diversidad, complejidad y calidad de las obras, y compartir experiencias lectoras para construir la propia identidad lectora y disfrutar de la dimensión social de la lectura.",od-ccl1,od-ccl2,od-ccl4,od-cd2,od-cpsaa1,od-cpsaa2,od-cpsaa7,od-cc1,od-ccec1,od-ccec2,od-ccec3,od-ccec4
SC,sc-lcl2-8,CEs 8,"Leer, interpretar y valorar obras relevantes de la literatura española e hispanoamericana, utilizando un metalenguaje específico y movilizando la experiencia biográfica y los conocimientos literarios y culturales para establecer vínculos entre textos diversos para conformar un mapa cultural, ensanchar las posibilidades de disfrute de la literatura y para crear textos de intención literaria.",od-ccl1,od-ccl2,od-ccl4,od-cp3,od-cpsaa7,od-cc1,od-ccec1,od-ccec2,od-ccec3,od-ccec4,od-ccec6,
SC,sc-lcl2-9,CEs 9,Consolidar y profundizar en el conocimiento explícito y sistemático,od-ccl1,od-ccl2,od-cp2,od-stem2,od-cpsaa7,,,,,,,
SC,sc-lcl2-10,CEs 10,"Poner las prácticas comunicativas al servicio de la convivencia democrática, la resolución dialogada de los conflictos y la igualdad de derechos de todas las personas, utilizando un lenguaje no discriminatorio y desterrando los abusos de poder a través de",od-ccl1,od-ccl5,od-cp3,od-cd3,od-cpsaa3,od-cpsaa4,od-cc1,od-cc2,od-cc3,od-cc4,od-ccec1,
EC,ec-lcl2-1.1,1.1,"Reconocer y valorar las lenguas de España y las variedades dialectales del español, con especial atención a la realidad lingüística del Principado de Asturias, contrastando de manera explícita y con el metalenguaje apropiado aspectos lingüísticos y discursivos de las lenguas y los dialectos en manifestaciones orales, escritas y multimodales, diferenciando los rasgos de lengua que responden a la diversidad dialectal de los que se corresponden con sociolectos o registros.",,,,,,,,,,,,
EC,ec-lcl2-1.2,1.2,"Cuestionar y refutar prejuicios y estereotipos lingüísticos adoptando una actitud de respeto y valoración de la riqueza cultural, lingüística y dialectal, atendiendo a la diversidad de normas cultas y estándares que se dan en una misma lengua, así como analizando y valorando la relevancia actual de los medios de comunicación y las redes sociales en los procesos de normalización lingüística.",,,,,,,,,,,,
EC,ec-lcl2-2.1,2.1,"Realizar exposiciones y argumentaciones orales formales extensas y en las que se recojan diferentes puntos de vista, con diferente grado de planificación sobre temas de interés científico y cultural y de relevancia académica y social ajustándose a las convenciones propias de cada género discursivo y hacerlo con fluidez, rigor, coherencia, cohesión y el registro adecuado en diferentes soportes, utilizando de manera eficaz recursos verbales y no verbales.",,,,,,,,,,,,
EC,ec-lcl2-2.2,2.2,Participar de manera activa y adecuada en interacciones orales (formales e informales) y en el trabajo en equipo con actitudes de escucha activa y estrategias de cooperación conversacional y cortesía lingüística.,,,,,,,,,,,,
EC,ec-lcl2-3.1,3.1,"Identificar el sentido global, la estructura, la información relevante en función de las necesidades comunicativas y la intención del emisor en textos orales y multimodales especializados propios de diferentes ámbitos analizando la interacción entre los diferentes códigos.",,,,,,,,,,,,
EC,ec-lcl2-3.2,3.2,"Valorar la forma y el contenido de textos orales y multimodales especializados evaluando su calidad, fiabilidad e idoneidad del canal utilizado, así como la eficacia de los procedimientos comunicativos empleados.",,,,,,,,,,,,
EC,ec-lcl2-4.1,4.1,"Elaborar textos académicos coherentes, cohesionados y con el registro adecuado en torno a temas curriculares o de interés social y cultural, precedidos de un proceso de planificación que atienda a la situación comunicativa, receptor, propósito y canal, y de redacción y revisión de borradores entre iguales o utilizando otros instrumentos de consulta.",,,,,,,,,,,,
EC,ec-lcl2-5.1,5.1,"Identificar el sentido global, la estructura, la información relevante y la intención del emisor de textos escritos y multimodales especializados, con especial atención a textos académicos y de los medios de comunicación, realizando las inferencias necesarias y con diferentes propósitos de lectura.",,,,,,,,,,,,
EC,ec-lcl2-5.2,5.2,"Valorar críticamente el contenido y la forma de textos especializados evaluando su calidad y fiabilidad, así como la eficacia de los procedimientos lingüísticos empleados.",,,,,,,,,,,,
EC,ec-lcl2-6.1,6.1,"Elaborar trabajos de investigación de manera autónoma, en diferentes soportes, sobre diversos temas de interés académico, personal o social que impliquen localizar, seleccionar y contrastar información procedente de diferentes fuentes, con especial atención a la gestión de su almacenamiento y recuperación, así como a la evaluación de su fiabilidad y pertinencia; organizarla e integrarla en esquemas propios; y reelaborarla y comunicarla de manera creativa, adoptando un punto de vista crítico y respetuoso con la propiedad intelectual.",,,,,,,,,,,,
EC,ec-lcl2-6.2,6.2,"Evaluar la veracidad de noticias e informaciones, con especial atención a las redes sociales y otros entornos digitales, siguiendo pautas de análisis, contraste y verificación, haciendo uso de las herramientas adecuadas y manteniendo una actitud crítica frente a los posibles sesgos de la información.",,,,,,,,,,,,
EC,ec-lcl2-7.1,7.1,"Elegir y leer de manera autónoma obras relevantes que se relacionen con las propuestas de lectura guiada, incluyendo ensayo literario y obras actuales que establezcan conexiones con la tradición, y dejar constancia del progreso del propio itinerario lector y cultural mediante la explicación argumentada de los criterios de selección de las lecturas, las formas de acceso a la cultura literaria y de la experiencia de lectura.",,,,,,,,,,,,
EC,ec-lcl2-8.1,8.1,"Explicar y argumentar la interpretación de las obras leídas a partir del análisis de las relaciones internas de sus elementos constitutivos con el sentido de la obra y de las relaciones externas del texto con su contexto sociohistórico y con la tradición literaria, utilizando un metalenguaje específico e incorporando juicios de valor vinculados a la apreciación estética de las obras.",,,,,,,,,,,,
EC,ec-lcl2-8.2,8.2,"Desarrollar proyectos de investigación que se concreten en una exposición oral, un ensayo o una presentación multimodal, estableciendo vínculos argumentados entre las obras de la literatura española o hispánica del último cuarto del siglo XIX y de los siglos XX y XXI objeto de lectura guiada y otros textos y manifestaciones artísticas de ayer y de hoy, en función de temas, tópicos, estructuras, lenguaje, recursos expresivos y valores éticos y estéticos, y explicitando la implicación y la respuesta personal del lector y la lectora en la lectura.",,,,,,,,,,,,
EC,ec-lcl2-9.1,9.1,"Revisar los propios textos y hacer propuestas de mejora argumentando los cambios a partir de la reflexión metalingüística e interlingüística y con un metalenguaje específico, e identificar y subsanar problemas de comprensión lectora utilizando los conocimientos explícitos sobre la lengua y su uso.",,,,,,,,,,,,
EC,ec-lcl2-9.2,9.2,"Explicar y argumentar la interrelación entre el propósito comunicativo y las elecciones lingüísticas del emisor, así como sus efectos en el receptor, utilizando el conocimiento explícito de la lengua y un metalenguaje específico.",,,,,,,,,,,,
EC,ec-lcl2-9.3,9.3,"Elaborar y presentar los resultados de pequeños proyectos de investigación sobre aspectos relevantes del funcionamiento de la lengua, formulando hipótesis y estableciendo generalizaciones, utilizando los conceptos y la terminología lingüística adecuada y consultando de manera autónoma diccionarios, manuales y gramáticas.",,,,,,,,,,,,
EC,ec-lcl2-10.1,10.1,"Identificar y desterrar los usos discriminatorios de la lengua, los abusos de poder a través de la palabra y los usos manipuladores del lenguaje a partir de la reflexión y el análisis de los elementos lingüísticos, textuales y discursivos utilizados, así como de los elementos no verbales que rigen la comunicación entre las personas.",,,,,,,,,,,,
EC,ec-lcl2-10.2,10.2,Utilizar estrategias para la resolución dialogada de los conflictos y la búsqueda de consensos tanto en el ámbito personal como educativo y social.,,,,,,,,,,,,
SB,sb-lcl2-a1,A.1,Las lenguas de España y los dialectos del español. La situación actual de la lengua asturiana.,,,,,,,,,,,,
SB,sb-lcl2-a2,A.2,Estrategias avanzadas de la reflexión interlingüística.,,,,,,,,,,,,
SB,sb-lcl2-a3,A.3,"Diferencias entre los rasgos propios de las variedades dialectales (fónicos, gramaticales y léxicos) y los relativos a los sociolectos y los registros.",,,,,,,,,,,,
SB,sb-lcl2-a4,A.4,"Indagación y explicación de los conceptos de norma culta y estándar, atendiendo a su utilidad y a su diversidad en la lengua española.",,,,,,,,,,,,
SB,sb-lcl2-a5,A.5,Los medios de comunicación y las redes sociales en los procesos de normalización lingüística.,,,,,,,,,,,,
SB,sb-lcl2-a6,A.6,Detección de prejuicios y estereotipos lingüísticos con la finalidad de combatirlos.,,,,,,,,,,,,
SB,sb-lcl2-b1,B.1,Componentes del hecho comunicativo: grado de formalidad de la situación y carácter público o privado; distancia social entre las personas que intervienen en los actos de habla; propósitos comunicativos e interpretación de intenciones; canal de comunicación y elementos no verbales de la comunicación.,,,,,,,,,,,,
SB,sb-lcl2-b2,B.2,"Propiedades textuales: coherencia, cohesión y adecuación.",,,,,,,,,,,,
SB,sb-lcl2-b3,B.3,Géneros discursivos propios del ámbito educativo. Los textos académicos.,,,,,,,,,,,,
SB,sb-lcl2-b4,B.4,Géneros discursivos propios del ámbito social. Las redes sociales y medios de comunicación.,,,,,,,,,,,,
SB,sb-lcl2-b5,B.5,Interacción oral y escrita de carácter formal. Tomar y dar la palabra. Cooperación conversacional y cortesía lingüística.,,,,,,,,,,,,
SB,sb-lcl2-b6,B.6,"Comprensión oral: sentido global del texto y relación entre sus partes, selección y retención de la información relevante. La intención del emisor. Detección de los usos discriminatorios del lenguaje verbal y no verbal, así como reflexión crítica de los mensajes atendiendo a su contenido implícito, los estereotipos y los prejuicios. Valoración de la forma y el contenido del texto.",,,,,,,,,,,,
SB,sb-lcl2-b7,B.7,"Producción oral formal: Planificación y búsqueda de información, textualización y revisión. Adecuación a la audiencia y al tiempo de exposición. Elementos no verbales. Rasgos discursivos y lingüísticos de la oralidad formal. La deliberación oral argumentada.",,,,,,,,,,,,
SB,sb-lcl2-b8,B.8,Comprensión lectora: sentido global del texto y relación entre sus partes. La intención del emisor. Detección de los usos discriminatorios del lenguaje verbal e icónico. Valoración de la forma y el contenido del texto.,,,,,,,,,,,,
SB,sb-lcl2-b9,B.9,"Producción escrita. Proceso de elaboración: planificación, redacción, revisión y edición en diferentes soportes. Interés por la buena presentación de los textos escritos, tanto en soporte impreso como digital, y aprecio por la necesidad social de ceñirse a las normas gramaticales, ortográficas y tipográficas.",,,,,,,,,,,,
SB,sb-lcl2-b10,B.10,"Alfabetización informacional: Búsqueda autónoma y selección de la información con criterios de fiabilidad, calidad y pertinencia; análisis, valoración, reorganización y síntesis de la información en esquemas propios y transformación en conocimiento; comunicación y difusión de la información reelaborada de manera creativa y respetuosa con la propiedad intelectual. Adquisición de buenos hábitos y conductas adecuadas para la comunicación que garantice la protección personal y ajena de malas prácticas. La gestión de contenidos, el almacenamiento y la recuperación de la información relevante. Noticias falsas y verificación de hechos.",,,,,,,,,,,,
SB,sb-lcl2-b11,B.11,Formas de expresión de la subjetividad y de la objetividad y de sus formas de expresión en los textos.,,,,,,,,,,,,
SB,sb-lcl2-b12,B.12,Recursos lingüísticos para adecuar el registro a la situación de comunicación.,,,,,,,,,,,,
SB,sb-lcl2-b13,B.13,"Conectores, marcadores discursivos y otros procedimientos léxicosemánticos y gramaticales que contribuyen a la cohesión del texto.",,,,,,,,,,,,
SB,sb-lcl2-b14,B.14,Relaciones entre las formas verbales como procedimientos de cohesión del texto con especial atención a la valoración y al uso de los tiempos verbales.,,,,,,,,,,,,
SB,sb-lcl2-b15,B.15,"Corrección lingüística y revisión ortográfica, gramatical y tipográfica de los textos. Uso eficaz de diccionarios, manuales de consulta y de correctores ortográficos en soporte analógico o digital.",,,,,,,,,,,,
SB,sb-lcl2-b16,B.16,Los signos de puntuación como mecanismo organizador del texto escrito y su relación con el significado.,,,,,,,,,,,,
SB,sb-lcl2-c1,C.1,"Selección de las obras relevantes, incluyendo el ensayo literario y formas actuales de producción y consumo cultural, con la ayuda de recomendaciones especializadas.",,,,,,,,,,,,
SB,sb-lcl2-c2,C.2,Participación activa en el circuito literario y lector en contexto presencial y digital. Utilización autónoma de todo tipo de bibliotecas. Acceso a otras experiencias culturales.,,,,,,,,,,,,
SB,sb-lcl2-c3,C.3,"Expresión argumentada de los gustos lectores personales. Diversificación del corpus leído, atendiendo a los circuitos comerciales del libro y distinguiendo entre literatura canónica y de consumo, clásicos y bestsellers.",,,,,,,,,,,,
SB,sb-lcl2-c4,C.4,"Comunicación de la experiencia lectora utilizando un metalenguaje específico y atendiendo a aspectos temáticos, género y subgénero, elementos de la estructura y el estilo, y valores éticos y estéticos de las obras. Valoración crítica de obras literarias y de los mensajes implícitos, estereotipos, prejuicios y discriminaciones de sexo, raza, origen, o cualquier otro tipo.",,,,,,,,,,,,
SB,sb-lcl2-c5,C.5,"Movilización de la experiencia personal, lectora y cultural para establecer vínculos entre la obra leída y aspectos de la actualidad y otras manifestaciones literarias o artísticas. Consolidación de la autonomía lectora y aprecio por la literatura como fuente de placer, de conocimiento de otros mundos, tiempos y culturas.",,,,,,,,,,,,
SB,sb-lcl2-c6,C.6,"Recomendación de las lecturas en soportes variados, atendiendo a aspectos temáticos, formales e intertextuales.",,,,,,,,,,,,
SB,sb-lcl2-c7,C.7,Construcción compartida de la interpretación de las obras a través de discusiones o conversaciones literarias.,,,,,,,,,,,,
SB,sb-lcl2-c8,C.8,Análisis de los elementos constitutivos del género literario y su relación con el sentido de la obra. Efectos en la recepción de sus recursos expresivos.,,,,,,,,,,,,
SB,sb-lcl2-c9,C.9,"Utilización de la información sociohistórica, cultural y artística para interpretar las obras y comprender su lugar en la tradición literaria. Valoración del papel de las escritoras de los siglos XX y XXI. Análisis crítico de la invisibilización de la autoría femenina en la literatura de estas épocas",,,,,,,,,,,,
SB,sb-lcl2-c10,C.10,"Vínculos intertextuales entre obras y otras manifestaciones artísticas en función de temas, tópicos, estructuras y lenguajes. Elementos de continuidad y ruptura.",,,,,,,,,,,,
SB,sb-lcl2-c11,C.11,"Expresión argumentada de la interpretación de los textos, integrando los diferentes aspectos analizados y atendiendo a sus valores culturales, éticos y estéticos. Lectura con perspectiva de género.",,,,,,,,,,,,
SB,sb-lcl2-c12,C.12,"Lectura expresiva, dramatización y recitado atendiendo a los procesos de comprensión, apropiación y oralización implicados.",,,,,,,,,,,,
SB,sb-lcl2-c13,C.13,Creación de textos de intención literaria a partir de las obras leídas.,,,,,,,,,,,,
SB,sb-lcl2-d1,D.1,"Diferencias relevantes e intersecciones entre lengua oral y lengua escrita atendiendo a aspectos sintácticos, léxicos y pragmáticos.",,,,,,,,,,,,
SB,sb-lcl2-d2,D.2,"La lengua como sistema interconectado teniendo en cuenta los diferentes niveles: fonológico, morfológico, sintáctico y semántico.",,,,,,,,,,,,
SB,sb-lcl2-d3,D.3,Distinción entre la forma (categoría gramatical) y la función de las palabras (funciones sintácticas de la oración simple y compuesta).,,,,,,,,,,,,
SB,sb-lcl2-d4,D.4,"Relación entre la estructura semántica (significados verbales y argumentos) y sintáctica (sujeto, predicado y complementos) de la oración simple y compuesta en función del propósito comunicativo.",,,,,,,,,,,,
SB,sb-lcl2-d5,D.5,Procedimientos de adquisición y formación de palabras y reflexión sobre los cambios en su significado. Las relaciones semánticas entre palabras. Valores denotativos y connotativos en función de su adecuación al contexto y al propósito comunicativo.,,,,,,,,,,,,
SB,sb-lcl2-d6,D.6,"Uso autónomo de diccionarios, manuales de gramática y otras fuentes de consulta, impresas o digitales, para obtener información gramatical de carácter general.",,,,,,,,,,,,
