type,id,code,description,link1,link2,link3,link4,link5,link6,link7,link8
KC,kc-cc,CC,Competencia ciudadana,,,,,,,,
KC,kc-ccec,CCEC,Competencia en Conciencia y Expresión Culturales,,,,,,,,
KC,kc-ccl,CCL,Competencia en Comunicación Lingüística,,,,,,,,
KC,kc-cd,CD,Competencia digital,,,,,,,,
KC,kc-ce,CE,Competencia Emprendedora,,,,,,,,
KC,kc-cp,CP,Competencia Plurilingüe,,,,,,,,
KC,kc-cpsaa,CPSAA,"Competencia Personal, Social y de Aprender a Aprender",,,,,,,,
KC,kc-stem,STEM,"Competencia Matemática y Competencia en Ciencia, Tecnología e Ingeniería",,,,,,,,
OD,od-stem1,STEM1,"Selecciona y utiliza métodos inductivos y deductivos propios del razonamiento matemático en situaciones propias de la modalidad elegida y emplea estrategias variadas para la resolución de problemas analizando críticamente las soluciones y reformulando el procedimiento, si fuera necesario.",kc-stem,,,,,,,
OD,od-stem2,STEM2,"Utiliza el pensamiento científico para entender y explicar fenómenos relacionados con la modalidad elegida, confiando en el conocimiento como motor de desarrollo, planteándose hipótesis y contrastándolas o comprobándolas mediante la observación, la experimentación y la investigación, utilizando herramientas e instrumentos adecuados, apreciando la importancia de la precisión y la veracidad y mostrando una actitud crítica acerca del alcance y limitaciones de los métodos empleados.",kc-stem,,,,,,,
OD,od-stem3,STEM3,"Plantea y desarrolla proyectos diseñando y creando prototipos o modelos para generar o utilizar productos que den solución a una necesidad o problema de forma colaborativa, procurando la participación de todo el grupo, resolviendo pacíficamente los conflictos que puedan surgir, adaptándose ante la incertidumbre y evaluando el producto obtenido de acuerdo a los objetivos propuestos, la sostenibilidad y el impacto transformador en la sociedad.",kc-stem,,,,,,,
OD,od-cd2,CD2,"Crea, integra y reelabora contenidos digitales de forma individual o colectiva, aplicando medidas de seguridad y respetando, en todo momento, los derechos de autoría digital para ampliar sus recursos y generar nuevo conocimiento.",kc-cd,,,,,,,
OD,od-cd5,CD5,"Desarrolla soluciones tecnológicas innovadoras y sostenibles para dar respuesta a necesidades concretas, mostrando interés y curiosidad por la evolución de las tecnologías digitales y por su desarrollo sostenible y uso ético.",kc-cd,,,,,,,
OD,od-cpsaa4,CPSAA4,"Compara, analiza, evalúa y sintetiza datos, información e ideas de los medios de comunicación, para obtener conclusiones lógicas de forma autónoma, valorando la fiabilidad de las fuentes.",kc-cpsaa,,,,,,,
OD,od-cpsaa5,CPSAA5,"Planifica a largo plazo evaluando los propósitos y los procesos de la construcción del conocimiento, relacionando los diferentes campos del mismo para desarrollar procesos autorregulados de aprendizaje que le permitan transmitir ese conocimiento, proponer ideas creativas y resolver problemas con autonomía.",kc-cpsaa,,,,,,,
OD,od-ce3,CE3,"Lleva a cabo el proceso de creación de ideas y soluciones innovadoras y toma decisiones, con sentido crítico y ético, aplicando conocimientos técnicos específicos y estrategias ágiles de planificación y gestión de proyectos, y reflexiona sobre el proceso realizado y el resultado obtenido, para elaborar un prototipo final de valor para el resto de las personas, considerando tanto la experiencia de éxito como de fracaso, una oportunidad para aprender.",kc-ce,,,,,,,
OD,od-cd3,CD3,"Selecciona, configura y utiliza dispositivos digitales, herramientas, aplicaciones y servicios en línea y los incorpora en su entorno personal de aprendizaje digital para comunicarse, trabajar colaborativamente y compartir información, gestionando de manera responsable sus acciones, presencia y visibilidad en la red y ejerciendo una ciudadanía digital activa, cívica y reflexiva.",kc-cd,,,,,,,
OD,od-cc3,CC3,"Adopta un juicio propio y argumentado ante problemas éticos y filosóficos fundamentales y de actualidad, afrontando con actitud dialogante la pluralidad de valores, creencias e ideas, rechazando todo tipo de discriminación y violencia, y promoviendo activamente la igualdad y corresponsabilidad efectiva entre mujeres y hombres.",kc-cc,,,,,,,
OD,od-ccl1,CCL1,"Se expresa de forma oral, escrita, signada o multimodal con fluidez, coherencia, corrección y adecuación a los diferentes contextos sociales y académicos, y participa en interacciones comunicativas con actitud cooperativa y respetuosa tanto para intercambiar información, crear conocimiento y argumentar sus opiniones como para establecer y cuidar sus relaciones interpersonales.",kc-ccl,,,,,,,
OD,od-cd1,CD1,"Realiza búsquedas avanzadas comprendiendo cómo funcionan los motores de búsqueda en internet aplicando criterios de validez, calidad, actualidad y fiabilidad, seleccionando los resultados de manera crítica y organizando el almacenamiento de la información de manera adecuada y segura para referenciarla y reutilizarla posteriormente.",kc-cd,,,,,,,
OD,od-ccec1,CCEC1,"Reflexiona, promueve y valora críticamente el patrimonio cultural y artístico de cualquier época, contrastando sus singularidades y partiendo de su propia identidad, para defender la libertad de expresión, la igualdad y el enriquecimiento inherente a la diversidad.",kc-ccec,,,,,,,
OD,od-cc4,CC4,"Analiza las relaciones de interdependencia y ecodependencia entre nuestras formas de vida y el entorno, realizando un análisis crítico de la huella ecológica de las acciones humanas, y demostrando un compromiso ético y ecosocialmente responsable con actividades y hábitos que conduzcan al logro de los Objetivos de Desarrollo Sostenible y la lucha contra el cambio climático.",kc-cc,,,,,,,
OD,od-ce2,CE2,"Evalúa y reflexiona sobre las fortalezas y debilidades propias y las de otras personas, haciendo uso de estrategias de autoconocimiento y autoeficacia, interioriza los conocimientos económicos y financieros específicos y los transfiere a contextos locales y globales, aplicando estrategias y destrezas que agilicen el trabajo colaborativo y en equipo, para reunir y optimizar los recursos necesarios, que lleven a la acción una experiencia o iniciativa emprendedora de valor.",kc-ce,,,,,,,
OD,od-ccec4.1,CCEC4.1,"Selecciona e integra con creatividad diversos medios y soportes, así como técnicas plásticas, visuales, audiovisuales, sonoras o corporales, para diseñar y producir proyectos artísticos y culturales sostenibles, analizando las oportunidades de desarrollo personal, social y laboral que ofrecen sirviéndose de la interpretación, la ejecución, la improvisación o la composición.",kc-ccec,,,,,,,
OD,od-ccec4.2,CCEC4.2,"Planifica, adapta y organiza sus conocimientos, destrezas y actitudes para responder con creatividad y eficacia a los desempeños derivados de una producción cultural o artística, individual o colectiva, utilizando diversos lenguajes, códigos, técnicas, herramientas y recursos plásticos, visuales, audiovisuales, musicales, corporales o escénicos, valorando tanto el proceso como el producto final y comprendiendo las oportunidades personales, sociales, inclusivas y económicas que ofrecen.",kc-ccec,,,,,,,
OD,od-ccl3,CCL3,"Localiza, selecciona y contrasta de manera autónoma información procedente de diferentes fuentes evaluando su fiabilidad y pertinencia en función de los objetivos de lectura y evitando los riesgos de manipulación y desinformación, y la integra y transforma en conocimiento para comunicarla de manera clara y rigurosa adoptando un punto de vista creativo y crítico a la par que respetuoso con la propiedad intelectual.",kc-ccl,,,,,,,
OD,od-cp1,CP1,"Utiliza con fluidez, adecuación y aceptable corrección una o más lenguas, además de la lengua familiar o de las lenguas familiares, para responder a sus necesidades comunicativas con espontaneidad y autonomía en diferentes situaciones y contextos de los ámbitos personal, social, educativo y profesional.",kc-cp,,,,,,,
OD,od-stem4,STEM4,"Interpreta y transmite los elementos más relevantes de investigaciones de forma clara y precisa, en diferentes formatos (gráficos, tablas, diagramas, fórmulas, esquemas, símbolos.) y aprovechando la cultura digital con ética y responsabilidad y valorando de forma crítica la contribución de la ciencia y la tecnología en el cambio de las condiciones de vida para compartir y construir nuevos conocimientos.",kc-stem,,,,,,,
OD,od-ccec3.2,CCEC3.2,"Descubre la autoexpresión, a través de la interactuación corporal y la experimentación con diferentes herramientas y lenguajes artísticos, enfrentándose a situaciones creativas con una actitud empática y colaborativa, y con autoestima, iniciativa e imaginación.",kc-ccec,,,,,,,
SC,sc-mat1-1,CEs 1,Modelizar y resolver problemas de la vida cotidiana y de la ciencia y la tecnología aplicando diferentes estrategias y formas de razonamiento para obtener posibles soluciones.,od-stem1,od-stem2,od-stem3,od-cd2,od-cd5,od-cpsaa4,od-cpsaa5,od-ce3
SC,sc-mat1-2,CEs 2,Verificar la validez de las posibles soluciones de un problema empleando el razonamiento y la argumentación para contrastar su idoneidad.,od-stem1,od-stem2,od-cd3,od-cpsaa4,od-cc3,od-ce3,,
SC,sc-mat1-3,CEs 3,"Formular o investigar conjeturas o problemas, utilizando el razonamiento, la argumentación, la creatividad y el uso de herramientas tecnológicas, para generar nuevo conocimiento matemático.",od-ccl1,od-stem1,od-stem2,od-cd1,od-cd2,od-cd3,od-cd5,od-ce3
SC,sc-mat1-4,CEs 4,"Utilizar el pensamiento computacional de forma eficaz, modificando, creando y generalizando algoritmos que resuelvan problemas mediante el uso de las matemáticas, para modelizar y resolver situaciones de la vida cotidiana y del ámbito de la ciencia y la tecnología.",od-stem1,od-stem2,od-stem3,od-cd2,od-cd3,od-cd5,od-ce3,
SC,sc-mat1-5,CEs 5,"Establecer, investigar y utilizar conexiones entre las diferentes ideas matemáticas estableciendo vínculos entre conceptos, procedimientos, argumentos y modelos para dar significado y estructurar el aprendizaje matemático.",od-stem1,od-stem3,od-cd2,od-cd3,od-ccec1,,,
SC,sc-mat1-6,CEs 6,"Descubrir los vínculos de las Matemáticas con otras áreas de conocimiento y profundizar en sus conexiones, interrelacionando conceptos y procedimientos, para modelizar, resolver problemas y desarrollar la capacidad crítica, creativa e innovadora en situaciones diversas.",od-stem1,od-stem2,od-cd2,od-cpsaa5,od-cc4,od-ce2,od-ce3,od-ccec1
SC,sc-mat1-7,CEs 7,"Representar conceptos, procedimientos e información matemáticos seleccionando diferentes tecnologías, para visualizar ideas y estructurar razonamientos matemáticos.",od-stem3,od-cd1,od-cd2,od-cd5,od-ce3,od-ccec4.1,od-ccec4.2,
SC,sc-mat1-8,CEs 8,"Comunicar las ideas matemáticas, de forma individual y colectiva, empleando el soporte, la terminología y el rigor apropiados, para organizar y consolidar el pensamiento matemático.",od-ccl1,od-ccl3,od-cp1,od-stem2,od-stem4,od-cd3,od-ccec3.2,
SC,sc-mat1-9,CEs 9,"Utilizar destrezas personales y sociales, identificando y gestionando las propias emociones, respetando las ajenas y organizando activamente el trabajo en equipos heterogéneos, aprendiendo del error como parte del proceso de aprendizaje y afrontando",,,,,,,,
EC,ec-mat1-1.1,1.1,"Manejar algunas estrategias y herramientas, incluidas las digitales, en la modelización y resolución de problemas de la vida cotidiana y de la ciencia y la tecnología, evaluando su eficiencia en cada caso.",,,,,,,,
EC,ec-mat1-1.2,1.2,"Obtener todas las posibles soluciones matemáticas de problemas de la vida cotidiana y de la ciencia y la tecnología, describiendo el procedimiento utilizado.",,,,,,,,
EC,ec-mat1-2.1,2.1,Comprobar la validez matemática de las posibles soluciones de un problema utilizando el razonamiento y la argumentación.,,,,,,,,
EC,ec-mat1-2.2,2.2,"Seleccionar la solución más adecuada de un problema en función del contexto (de sostenibilidad, de consumo responsable, equidad), usando el razonamiento y la argumentación.",,,,,,,,
EC,ec-mat1-3.1,3.1,Adquirir nuevo conocimiento matemático a partir de la formulación de conjeturas y problemas de forma guiada.,,,,,,,,
EC,ec-mat1-3.2,3.2,Emplear herramientas tecnológicas adecuadas en la formulación o investigación de conjeturas o problemas.,,,,,,,,
EC,ec-mat1-4.1,4.1,"Interpretar, modelizar y resolver situaciones problematizadas de la vida cotidiana y de la ciencia y la tecnología, utilizando el pensamiento computacional, modificando y creando algoritmos.",,,,,,,,
EC,ec-mat1-5.1,5.1,"Manifestar una visión matemática integrada, investigando y conectando las diferentes ideas matemáticas.",,,,,,,,
EC,ec-mat1-5.2,5.2,Resolver problemas en contextos matemáticos estableciendo y aplicando conexiones entre las diferentes ideas matemáticas.,,,,,,,,
EC,ec-mat1-6.1,6.1,"Resolver problemas en situaciones diversas, utilizando procesos matemáticos, estableciendo y aplicando conexiones entre el mundo real, otras áreas de conocimiento y las Matemáticas.",,,,,,,,
EC,ec-mat1-6.2,6.2,Analizar la aportación de las Matemáticas al progreso de la humanidad reflexionando sobre su contribución en la propuesta de soluciones a situaciones complejas y a los retos científicos y tecnológicos que se plantean en la sociedad.,,,,,,,,
EC,ec-mat1-7.1,7.1,Representar ideas matemáticas estructurando diferentes razonamientos matemáticos y seleccionando las tecnologías más adecuadas.,,,,,,,,
EC,ec-mat1-7.2,7.2,"Seleccionar y utilizar diversas formas de representación, valorando su utilidad para compartir información.",,,,,,,,
EC,ec-mat1-8.1,8.1,"Mostrar organización al comunicar las ideas matemáticas empleando el soporte, la terminología y el rigor apropiados.",,,,,,,,
EC,ec-mat1-8.2,8.2,"Reconocer y emplear el lenguaje matemático en diferentes contextos, comunicando la información con precisión y rigor.",,,,,,,,
EC,ec-mat1-9.1,9.1,Afrontar las situaciones de incertidumbre identificando y gestionando emociones y aceptando y aprendiendo del error como parte del proceso de aprendizaje.,,,,,,,,
EC,ec-mat1-9.2,9.2,"Mostrar una actitud positiva y perseverante, aceptando y aprendiendo de la crítica razonada al hacer frente a las diferentes situaciones de aprendizaje de las matemáticas.",,,,,,,,
EC,ec-mat1-9.3,9.3,"Participar en tareas matemáticas de forma activa en equipos heterogéneos, respetando las emociones y experiencias ajenas, escuchando su razonamiento, identificando las habilidades sociales más propicias y fomentando el bienestar grupal y las relaciones saludables.",,,,,,,,
SB,sb-mat1-a1,A.1,Adición y producto escalar de vectores: propiedades y representaciones.,,,,,,,,
SB,sb-mat1-a2,A.2,Estrategias para operar con números reales y vectores: cálculo mental o escrito en los casos sencillos y con herramientas tecnológicas en los casos más complicados.,,,,,,,,
SB,sb-mat1-a3,A.3,Los números complejos como soluciones de ecuaciones polinómicas que carecen de raíces reales.,,,,,,,,
SB,sb-mat1-a4,A.4,"Conjunto de vectores: estructura, comprensión y propiedades",,,,,,,,
SB,sb-mat1-b1,B.1,Cálculo de longitudes y medidas angulares: uso de la trigonometría.,,,,,,,,
SB,sb-mat1-b2,B.2,La probabilidad como medida de la incertidumbre asociada a fenómenos aleatorios.,,,,,,,,
SB,sb-mat1-b3,B.3,"Límites: estimación y cálculo a partir de una tabla, un gráfico o una expresión algebraica.",,,,,,,,
SB,sb-mat1-b4,B.4,Continuidad de funciones: aplicación de límites en el estudio de la continuidad.,,,,,,,,
SB,sb-mat1-b5,B.5,Derivada de una función: definición a partir del estudio del cambio en diferentes contextos.,,,,,,,,
SB,sb-mat1-c1,C.1,Objetos geométricos de dos dimensiones: análisis de las propiedades y determinación de sus atributos.,,,,,,,,
SB,sb-mat1-c2,C.2,Resolución de problemas relativos a objetos geométricos en el plano representados con coordenadas cartesianas.,,,,,,,,
SB,sb-mat1-c3,C.3,Relaciones de objetos geométricos en el plano: representación y exploración con ayuda de herramientas digitales.,,,,,,,,
SB,sb-mat1-c4,C.4,Expresiones algebraicas de objetos geométricos: selección de la más adecuada en función de la situación a resolver.,,,,,,,,
SB,sb-mat1-c5,C.5,Representación de objetos geométricos en el plano mediante herramientas digitales.,,,,,,,,
SB,sb-mat1-c6,C.6,"Modelos matemáticos (geométricos, algebraicos, grafos.) en la resolución de problemas en el plano. Conexiones con otras disciplinas y áreas de interés.",,,,,,,,
SB,sb-mat1-c7,C.7,Conjeturas geométricas en el plano: validación por medio de la deducción y la demostración de teoremas.,,,,,,,,
SB,sb-mat1-c8,C.8,Modelización de la posición y el movimiento de un objeto en el plano mediante vectores.,,,,,,,,
SB,sb-mat1-d1,D.1,Generalización de patrones en situaciones sencillas.,,,,,,,,
SB,sb-mat1-d2,D.2,Relaciones cuantitativas en situaciones sencillas: estrategias de identificación y determinación de la clase o clases de funciones que pueden modelizarlas.,,,,,,,,
SB,sb-mat1-d3,D.3,"Ecuaciones, inecuaciones y sistemas: modelización de situaciones en diversos contextos.",,,,,,,,
SB,sb-mat1-d4,D.4,"Resolución de ecuaciones, inecuaciones y sistemas de ecuaciones e inecuaciones no lineales en diferentes contextos.",,,,,,,,
SB,sb-mat1-d5,D.5,"Análisis, representación e interpretación de relaciones mediante herramientas tecnológicas.",,,,,,,,
SB,sb-mat1-d6,D.6,"Propiedades de las distintas clases de funciones, incluyendo, polinómicas, exponenciales, irracionales, racionales sencillas, logarítmicas, trigonométricas y a trozos: comprensión y comparación.",,,,,,,,
SB,sb-mat1-d7,D.7,Álgebra simbólica en la representación y explicación de relaciones matemáticas de la ciencia y la tecnología.,,,,,,,,
SB,sb-mat1-d8,D.8,"Formulación, resolución y análisis de problemas de la vida cotidiana y de la ciencia y la tecnología utilizando herramientas o programas adecuados.",,,,,,,,
SB,sb-mat1-d9,D.9,Comparación de algoritmos alternativos para el mismo problema mediante el razonamiento lógico.,,,,,,,,
SB,sb-mat1-e1,E.1,Organización de los datos procedentes de variables bidimensionales: distribución conjunta y distribuciones marginales y condicionadas. Análisis de la dependencia estadística.,,,,,,,,
SB,sb-mat1-e2,E.2,Estudio de la relación entre dos variables mediante la regresión lineal y cuadrática: valoración gráfica de la pertinencia del ajuste. Diferencia entre correlación y causalidad.,,,,,,,,
SB,sb-mat1-e3,E.3,"Coeficientes de correlación lineal y de determinación: cuantificación de la relación lineal, predicción y valoración de su fiabilidad en contextos científicos y tecnológicos.",,,,,,,,
SB,sb-mat1-e4,E.4,"Calculadora, hoja de cálculo o software específico en el análisis de datos estadísticos.",,,,,,,,
SB,sb-mat1-e5,E.5,Estimación de la probabilidad a partir del concepto de frecuencia relativa.,,,,,,,,
SB,sb-mat1-e6,E.6,Cálculo de probabilidades en experimentos simples: la regla de Laplace en situaciones de equiprobabilidad y en combinación con diferentes técnicas de recuento.,,,,,,,,
SB,sb-mat1-e7,E.7,Análisis de muestras unidimensionales y bidimensionales con herramientas tecnológicas con el fin de emitir juicios y tomar decisiones.,,,,,,,,
SB,sb-mat1-f1,F.1,"Destrezas de autoconciencia encaminadas a reconocer emociones propias, afrontando eventuales situaciones de estrés y ansiedad en el aprendizaje de las matemáticas.",,,,,,,,
SB,sb-mat1-f2,F.2,"Tratamiento del error, individual y colectivo como elemento movilizador de saberes previos adquiridos y generador de oportunidades de aprendizaje en el aula de matemáticas.",,,,,,,,
SB,sb-mat1-f3,F.3,"Reconocimiento y aceptación de diversos planteamientos en la resolución de problemas y tareas matemáticas, transformando los enfoques de los demás en nuevas y mejoradas estrategias propias, mostrando empatía y respeto en el proceso.",,,,,,,,
SB,sb-mat1-f4,F.4,"Técnicas y estrategias de trabajo en equipo para la resolución de problemas y tareas matemáticas, en equipos heterogéneos.",,,,,,,,
SB,sb-mat1-f5,F.5,"Destrezas para desarrollar una comunicación efectiva, la escucha activa, la formulación de preguntas o solicitud y prestación de ayuda cuando sea necesario.",,,,,,,,
SB,sb-mat1-f6,F.6,Valoración de la contribución de las Matemáticas y el papel de matemáticos y matemáticas a lo largo de la historia en el avance de la ciencia y la tecnología.,,,,,,,,
BB,bb-bmat1-a,A,Sentido numérico,,,,,,,,
BB,bb-bmat1-b,B,Sentido de la medida,,,,,,,,
BB,bb-bmat1-c,C,Sentido espacial,,,,,,,,
BB,bb-bmat1-d,D,Sentido algebraico,,,,,,,,
BB,bb-bmat1-e,E,Sentido estocástico,,,,,,,,
BB,bb-bmat1-f,F,Sentido socioafectivo,,,,,,,,
