type,id,code,description,link1,link2,link3,link4,link5,link6
KC,kc-cc,CC,Competencia ciudadana,,,,,,
KC,kc-ccl,CCL,Competencia en Comunicación Lingüística,,,,,,
KC,kc-cd,CD,Competencia digital,,,,,,
KC,kc-cpsaa,CPSAA,"Competencia Personal, Social y de Aprender a Aprender",,,,,,
KC,kc-stem,STEM,"Competencia Matemática y Competencia en Ciencia, Tecnología e Ingeniería",,,,,,
OD,od-ccl1,CCL1,"Se expresa de forma oral, escrita, signada o multimodal con fluidez, coherencia, corrección y adecuación a los diferentes contextos sociales y académicos, y participa en interacciones comunicativas con actitud cooperativa y respetuosa tanto para intercambiar información, crear conocimiento y argumentar sus opiniones como para establecer y cuidar sus relaciones interpersonales.",kc-ccl,,,,,
OD,od-ccl2,CCL2,"Comprende, interpreta y valora con actitud crítica textos orales, escritos, signados o multimodales de los distintos ámbitos, con especial énfasis en los textos académicos y de los medios de comunicación, para participar en diferentes contextos de manera activa e informada y para construir conocimiento.",kc-ccl,,,,,
OD,od-stem4,STEM4,"Interpreta y transmite los elementos más relevantes de investigaciones de forma clara y precisa, en diferentes formatos (gráficos, tablas, diagramas, fórmulas, esquemas, símbolos.) y aprovechando la cultura digital con ética y responsabilidad y valorando de forma crítica la contribución de la ciencia y la tecnología en el cambio de las condiciones de vida para compartir y construir nuevos conocimientos.",kc-stem,,,,,
OD,od-cd1,CD1,"Realiza búsquedas avanzadas comprendiendo cómo funcionan los motores de búsqueda en internet aplicando criterios de validez, calidad, actualidad y fiabilidad, seleccionando los resultados de manera crítica y organizando el almacenamiento de la información de manera adecuada y segura para referenciarla y reutilizarla posteriormente.",kc-cd,,,,,
OD,od-cpsaa4,CPSAA4,"Compara, analiza, evalúa y sintetiza datos, información e ideas de los medios de comunicación, para obtener conclusiones lógicas de forma autónoma, valorando la fiabilidad de las fuentes.",kc-cpsaa,,,,,
OD,od-cc1,CC1,"Analiza hechos, normas e ideas relativas a la dimensión social, histórica, cívica y moral de su propia identidad, para contribuir a la consolidación de su madurez personal y social, adquirir una conciencia ciudadana y responsable, desarrollar la autonomía y el espíritu crítico, y establecer una interacción pacífica y respetuosa con otras personas y con el entorno.",kc-cc,,,,,
OD,od-stem1,STEM1,"Selecciona y utiliza métodos inductivos y deductivos propios del razonamiento matemático en situaciones propias de la modalidad elegida y emplea estrategias variadas para la resolución de problemas analizando críticamente las soluciones y reformulando el procedimiento, si fuera necesario.",kc-stem,,,,,
OD,od-stem2,STEM2,"Utiliza el pensamiento científico para entender y explicar fenómenos relacionados con la modalidad elegida, confiando en el conocimiento como motor de desarrollo, planteándose hipótesis y contrastándolas o comprobándolas mediante la observación, la experimentación y la investigación, utilizando herramientas e instrumentos adecuados, apreciando la importancia de la precisión y la veracidad y mostrando una actitud crítica acerca del alcance y limitaciones de los métodos empleados.",kc-stem,,,,,
OD,od-cpsaa1.1,CPSAA1.1,"Fortalece el optimismo, la resiliencia, la autoeficacia y la búsqueda de objetivos de forma autónoma para hacer eficaz su aprendizaje.",kc-cpsaa,,,,,
OD,od-cpsaa5,CPSAA5,"Planifica a largo plazo evaluando los propósitos y los procesos de la construcción del conocimiento, relacionando los diferentes campos del mismo para desarrollar procesos autorregulados de aprendizaje que le permitan transmitir ese conocimiento, proponer ideas creativas y resolver problemas con autonomía.",kc-cpsaa,,,,,
OD,od-cd2,CD2,"Crea, integra y reelabora contenidos digitales de forma individual o colectiva, aplicando medidas de seguridad y respetando, en todo momento, los derechos de autoría digital para ampliar sus recursos y generar nuevo conocimiento.",kc-cd,,,,,
OD,od-cpsaa3.2,CPSAA3.2,"Distribuye en un grupo las tareas, recursos y responsabilidades de manera ecuánime, según sus objetivos, favoreciendo un enfoque sistémico para contribuir a la consecución de objetivos compartidos.",kc-cpsaa,,,,,
OD,od-stem3,STEM3,"Plantea y desarrolla proyectos diseñando y creando prototipos o modelos para generar o utilizar productos que den solución a una necesidad o problema de forma colaborativa, procurando la participación de todo el grupo, resolviendo pacíficamente los conflictos que puedan surgir, adaptándose ante la incertidumbre y evaluando el producto obtenido de acuerdo a los objetivos propuestos, la sostenibilidad y el impacto transformador en la sociedad.",kc-stem,,,,,
OD,od-cd3,CD3,"Selecciona, configura y utiliza dispositivos digitales, herramientas, aplicaciones y servicios en línea y los incorpora en su entorno personal de aprendizaje digital para comunicarse, trabajar colaborativamente y compartir información, gestionando de manera responsable sus acciones, presencia y visibilidad en la red y ejerciendo una ciudadanía digital activa, cívica y reflexiva.",kc-cd,,,,,
SC,sc-dt1-1,CEs 1,"Interpretar elementos o conjuntos arquitectónicos y de ingeniería, empleando recursos asociados a la percepción, estudio, construcción e investigación de formas para analizar las estructuras geométricas y los elementos técnicos utilizados.",od-ccl1,od-ccl2,od-stem4,od-cd1,od-cpsaa4,od-cc1
SC,sc-dt1-2,CEs 2,"Utilizar razonamientos inductivos, deductivos y lógicos en problemas de índole gráfico-matemáticos, aplicando fundamentos de la geometría plana para resolver gráficamente operaciones matemáticas, relaciones, construcciones y transformaciones.",od-ccl2,od-stem1,od-stem2,od-stem4,od-cpsaa1.1,
SC,sc-dt1-3,CEs 3,"Desarrollar la visión espacial, utilizando la geometría descriptiva en proyectos sencillos, considerando la importancia del dibujo en arquitecturas e ingenierías para resolver problemas e interpretar y recrear gráficamente la realidad tridimensional sobre la superficie del plano.",od-stem1,od-stem2,od-stem4,od-cpsaa1.1,od-cpsaa5,
SC,sc-dt1-4,CEs 4,"Formalizar y definir diseños técnicos aplicando las normas UNE e ISO de manera apropiada, valorando la importancia que tiene el croquis para documentar gráficamente proyectos arquitectónicos e ingenieriles.",od-ccl2,od-stem1,od-stem4,od-cd2,od-cpsaa1.1,od-cpsaa3.2
SC,sc-dt1-5,CEs 5,"Investigar, experimentar y representar digitalmente elementos, planos y esquemas técnicos mediante el uso de programas específicos CAD de manera individual o grupal, apreciando su uso en las profesiones actuales, para virtualizar objetos y espacios en dos dimensiones y tres dimensiones.",od-stem2,od-stem3,od-stem4,od-cd1,od-cd2,od-cd3
EC,ec-dt1-1.1,1.1,"Analizar, a lo largo de la historia, la relación entre las matemáticas y el dibujo geométrico valorando su importancia en diferentes campos como la arquitectura o la ingeniería, desde la perspectiva de género y la diversidad cultural, empleando adecuadamente el vocabulario específico técnico y artístico.",,,,,,
EC,ec-dt1-2.1,2.1,Solucionar gráficamente cálculos matemáticos y transformaciones básicas aplicando conceptos y propiedades de la geometría plana.,,,,,,
EC,ec-dt1-2.2,2.2,"Trazar gráficamente construcciones poligonales basándose en sus propiedades y mostrando interés por la precisión, claridad y limpieza.",,,,,,
EC,ec-dt1-2.3,2.3,Resolver gráficamente tangencias y trazar curvas aplicando sus propiedades con rigor en su ejecución.,,,,,,
EC,ec-dt1-3.1,3.1,"Representar en sistema diédrico elementos básicos en el espacio determinando su relación de pertenencia, posición y distancia.",,,,,,
EC,ec-dt1-3.2,3.2,Definir elementos y figuras planas en sistemas axonométricos valorando su importancia como métodos de representación espacial.,,,,,,
EC,ec-dt1-3.3,3.3,Representar e interpretar elementos básicos en el sistema de planos acotados haciendo uso de sus fundamentos.,,,,,,
EC,ec-dt1-3.4,3.4,Dibujar elementos en el espacio empleando la perspectiva cónica.,,,,,,
EC,ec-dt1-3.5,3.5,"Valorar el rigor gráfico del proceso; la claridad, la precisión y el proceso de resolución y construcción gráfica.",,,,,,
EC,ec-dt1-4.1,4.1,"Documentar gráficamente objetos sencillos mediante sus vistas acotadas aplicando la normativa UNE e ISO en la utilización de sintaxis, escalas y formatos, valorando la importancia de usar un lenguaje técnico común.",,,,,,
EC,ec-dt1-4.2,4.2,Utilizar el croquis y el boceto como elementos de reflexión en la aproximación e indagación de alternativas y soluciones a los procesos de trabajo.,,,,,,
EC,ec-dt1-5.1,5.1,"Crear figuras planas y tridimensionales mediante programas de dibujo vectorial, usando las herramientas que aportan y las técnicas asociadas.",,,,,,
EC,ec-dt1-5.2,5.2,Recrear virtualmente piezas en tres dimensiones aplicando operaciones algebraicas entre primitivas para la presentación de proyectos en grupo.,,,,,,
SB,sb-dt1-a1,A.1,"Desarrollo histórico del dibujo técnico. Campos de acción y aplicaciones: dibujo arquitectónico, mecánico, eléctrico, y electrónico, geológico, urbanístico, etc.",,,,,,
SB,sb-dt1-a2,A.2,"Orígenes de la geometría. Thales, Pitágoras, Euclides, Hipatia de Alejandría.",,,,,,
SB,sb-dt1-a3,A.3,Concepto de lugar geométrico. Arco capaz. Aplicaciones de los lugares geométricos a las construcciones fundamentales.,,,,,,
SB,sb-dt1-a4,A.4,"Proporcionalidad, equivalencia y semejanza.",,,,,,
SB,sb-dt1-a5,A.5,"Triángulos, cuadriláteros y polígonos regulares. Propiedades y métodos de construcción.",,,,,,
SB,sb-dt1-a6,A.6,Tangencias básicas. Curvas técnicas.,,,,,,
SB,sb-dt1-a7,A.7,"Interés por el rigor en los razonamientos y precisión, claridad y limpieza en las ejecuciones.",,,,,,
SB,sb-dt1-b1,B.1,Fundamentos de la geometría proyectiva.,,,,,,
SB,sb-dt1-b2,B.2,"Sistema diédrico: representación de punto, recta y plano. Trazas con planos de proyección. Determinación del plano. Pertenencia.",,,,,,
SB,sb-dt1-b3,B.3,"Relaciones entre elementos: intersecciones, paralelismo y perpendicularidad. Obtención de distancias.",,,,,,
SB,sb-dt1-b4,B.4,"Sistema axonométrico, ortogonal y oblicuo. Perspectivas isométricas y caballera. Disposición de los ejes y uso de los coeficientes de reducción. Elementos básicos: punto, recta, plano.",,,,,,
SB,sb-dt1-b5,B.5,Sistema de planos acotados. Fundamentos y elementos básicos. Identificación de elementos para su interpretación en planos.,,,,,,
SB,sb-dt1-b6,B.6,Sistema cónico: fundamentos y elementos del sistema. Perspectiva frontal y oblicua.,,,,,,
SB,sb-dt1-c1,C.1,Escalas numéricas y gráficas. Construcción y uso.,,,,,,
SB,sb-dt1-c2,C.2,Formatos. Doblado de planos.,,,,,,
SB,sb-dt1-c3,C.3,Concepto de normalización. Las normas fundamentales UNE e ISO. Aplicaciones de la normalización: simbología industrial y arquitectónica.,,,,,,
SB,sb-dt1-c4,C.4,Elección de vistas necesarias. Líneas normalizadas. Acotación.,,,,,,
SB,sb-dt1-d1,D.1,Aplicaciones vectoriales 2D-3D.,,,,,,
SB,sb-dt1-d2,D.2,Fundamentos de diseño de piezas en tres dimensiones.,,,,,,
SB,sb-dt1-d3,D.3,Modelado de caja. Operaciones básicas con primitivas.,,,,,,
SB,sb-dt1-d4,D.4,Aplicaciones de trabajo en grupo para conformar piezas complejas a partir de otras más sencillas.,,,,,,
BB,bb-dt1-a,A,Fundamentos geométricos,,,,,,
BB,bb-dt1-b,B,Geometría proyectiva,,,,,,
BB,bb-dt1-c,C,Normalización y documentación gráfica de proyectos,,,,,,
BB,bb-dt1-d,D,Sistemas CAD,,,,,,
